1.91,-1.6599e-12,5.9e-12,1.9882e-12,-1.1102e-16,-2.0749e-11,-2.4852e-11
20.61,1.908e-07,4.129e-05,-6.1304e-08,7.5859e-06,-0.00013709,-4.6151e-05
20.71,-0.0003032,0.0074932,-0.00062997,0.00016067,-0.0056821,-0.004759
20.81,-0.0010579,0.033022,-0.00087717,0.00035835,0.0047401,-0.00056969
20.91,-0.0017795,0.042926,-0.00083899,9.5396e-05,0.0067673,0.0044388
21.01,-0.0021568,0.043453,-0.001125,-5.2052e-05,0.0019596,-0.002112
21.11,-0.0021774,0.029009,-0.0018892,-4.3596e-05,0.0046881,-0.00205
21.21,-0.001964,0.0094596,-0.002223,8.7288e-05,0.0015323,-0.0009903
21.31,-0.0011312,-0.007123,-0.0023849,0.00025416,-0.0022155,0.0014599
21.41,0.00010033,-0.017851,-0.0022956,-2.8583e-05,-0.0069928,0.0022495
21.51,0.0012033,-0.024595,-0.0023214,-8.7347e-05,-0.0033755,-0.002014
21.61,0.0011481,-0.027004,-0.0029066,0.00018728,-0.0012195,-0.0012728
21.71,0.00064328,-0.026462,-0.003304,4.8895e-05,-1.2231e-05,0.0016538
21.81,1.3155e-05,-0.023354,-0.0034593,0.00012712,-0.00085408,-0.00037452
21.91,-0.00067459,-0.018366,-0.0036992,0.00011861,-0.00026487,-0.0022393
22.01,-0.0012118,-0.01309,-0.0037261,0.00011713,-0.00026904,-0.0036493
22.11,-0.0017448,-0.011384,-0.0033759,0.00012072,-0.00034946,-0.0020504
22.21,-0.0024923,-0.006968,-0.0026971,0.00035518,-0.00086278,-0.0025469
22.31,-0.0033067,-0.0019046,-0.0016361,1.5696e-05,0.0032526,-0.0020904
22.41,-0.0036181,-0.0005673,-0.00068457,0.00015977,0.0027243,0.0025846
22.51,-0.0035706,0.0022145,-2.0552e-05,7.4858e-05,0.010302,0.0073634
22.61,-0.0026338,0.00057711,-7.1137e-05,1.028e-05,0.0058356,0.0046354
22.71,-0.00090844,0.00062712,-0.00034294,8.5223e-05,0.00070571,0.00036454
22.81,0.00070076,0.00027037,-0.0007365,-7.0835e-05,-0.0019342,-0.0026991
22.91,0.0020335,0.0007026,-0.00097664,6.1276e-05,-0.0065061,-0.0068026
23.01,0.0027487,0.0011775,-0.00037056,-0.00017465,-0.004997,-0.0059144
23.11,0.0030491,0.00085839,0.00092549,-0.00021592,0.0020264,0.00073042
23.21,0.0036096,0.00017006,0.0019855,0.00014457,0.00011349,0.0048539
23.31,0.0040091,0.00030272,0.0025162,2.638e-05,-0.0042999,0.0030049
23.41,0.0037407,0.00056264,0.0028273,-0.00024739,-0.0070286,0.0040391
23.51,0.0029326,0.00077824,0.0026178,-0.00028161,-0.0020804,0.0041043
23.61,0.0019811,0.00051095,0.001989,0.00019565,-0.0015693,0.0024753
23.71,0.00076702,0.0013957,0.0011804,-0.00016121,0.0022819,-0.0017839
23.81,-0.00012963,0.0020448,0.0005567,2.1948e-05,-0.00037468,0.00010989
23.91,-0.0010323,0.0026767,-4.4906e-05,-0.00036422,0.0021904,-0.00080691
24.01,-0.0014041,0.0046277,-0.00057822,0.00018798,0.008666,-0.0062093
24.11,-0.0011322,0.0055619,-0.00059677,-0.00018398,0.0064258,-0.0036222
24.21,-0.00028551,0.0056513,-0.00020772,-0.00020175,-0.00048992,0.00085582
24.31,0.00062465,0.0050457,0.00018584,-0.00039135,-0.0032546,-0.0013084
24.41,0.0011447,0.0043299,0.00076435,4.9594e-05,5.4122e-05,-0.0024081
24.51,0.001775,0.0031255,0.0014133,-0.00056004,-0.0039577,0.0028558
24.61,0.0021549,0.0010051,0.0018591,-0.00036383,0.0046325,0.0060217
24.71,0.0026737,-0.00092854,0.001977,-0.00057218,0.00385,0.0011934
24.81,0.0034543,-0.0013917,0.0016229,-0.00020125,-0.00033,-0.0011818
24.91,0.004542,-0.00057854,0.0014765,-0.00043032,-0.0016771,-0.001987
25.01,0.0055368,-0.00060479,0.0015482,-0.00055596,-0.0021168,0.0023213
25.11,0.0060665,-1.952e-05,0.0013985,-0.00043329,-0.0029019,0.001263
25.21,0.0063085,0.00024882,0.0010953,-0.00065003,-0.0030581,0.00032754
25.31,0.00615,-0.00064746,0.00058795,-0.00069572,-0.0046809,-0.00070725
25.41,0.005799,-0.00038804,0.00031187,-0.0010422,0.0008083,-0.0014475
25.51,0.0053891,-0.00039993,0.00029087,-0.0008789,0.001848,-0.00088609
25.61,0.0049897,-5.0506e-05,0.00027757,-0.0017176,0.0039788,0.00037544
25.71,0.0051275,0.00099734,1.8557e-05,-0.0016478,0.003634,0.0041735
25.81,0.0057421,0.0014447,-0.00065822,-0.0019295,0.0012839,0.0011464
25.91,0.0065175,0.0026282,-0.0014194,-0.0023379,0.0021787,0.0014508
26.01,0.0075739,0.0057191,-0.0022013,-0.0024765,0.0071157,-0.0023997
26.11,0.0090864,0.0060994,-0.0026367,-0.0031427,0.0057188,-0.0050445
26.21,0.011243,0.0044161,-0.002454,-0.0034668,0.00030883,-0.0052327
26.31,0.013556,0.0026593,-0.0017892,-0.0031442,-0.0017434,0.0024916
26.41,0.015444,0.0014416,-0.0012274,-0.0033422,-0.0072905,0.0010697
26.51,0.016818,0.0013586,-0.00047738,-0.0031655,-0.0050456,0.0036582
26.61,0.01738,0.00057674,0.00014936,-0.0033915,-0.0039784,-0.0010533
26.71,0.017648,0.00018952,0.0010158,-0.003014,-0.0042586,-0.0030482
26.81,0.017216,0.0017403,0.0021801,-0.001474,-0.0064921,0.0005586
26.91,0.016001,0.0019065,0.0034406,-0.0045874,0.0015275,0.0016614
27.01,0.014796,0.0024824,0.0045534,0.0093661,-0.0070084,0.00046123
27.11,0.013566,0.0012837,0.0044751,-0.011112,0.0059073,0.00059487
27.21,0.011898,0.0022118,0.006131,-0.0083331,0.0032522,0.0071653
27.31,0.010692,0.00051823,0.0068119,0.011165,-0.0074198,0.0082808
27.41,0.009743,-0.00062766,0.0047194,-0.013045,0.013537,-0.00043657
27.51,0.0085007,0.0026893,0.0052293,-0.0041849,0.002716,0.0018597
27.61,0.0082597,0.003695,0.0047503,0.0010392,-0.0025741,0.0022716
27.71,0.0083264,0.0029617,0.0034892,-0.01065,0.0045206,-0.0046266
27.81,0.0079002,0.0038345,0.0040109,0.0070373,-0.0022375,-0.0069708
27.91,0.0088376,0.0042886,0.003029,0.0010666,-0.0026248,-0.0023837
28.01,0.0087437,0.0047453,0.0033791,-0.012081,-0.0047317,0.00099602
28.11,0.006859,0.0036387,0.0054942,0.0084769,-0.0091884,-0.0043339
28.21,0.0059845,0.0016836,0.0051364,0.0022527,-0.0039582,-0.0028114
28.31,0.0041171,0.00024719,0.005572,0.002936,0.0058759,0.0019028
28.41,0.0025192,-8.7736e-05,0.0056087,-0.00017542,-0.0016723,0.0063636
28.51,0.00047683,-0.0018229,0.0055011,0.00085188,-0.0010756,0.0011993
28.61,-0.0013534,-0.0022531,0.0047527,0.00081479,0.0048649,0.0012372
28.71,-0.0027051,-0.0020982,0.0041035,0.00090222,0.0036661,-0.003104
28.81,-0.0035758,-0.0003802,0.0035638,0.0004991,0.0079265,0.0052949
28.91,-0.0034716,-0.00099788,0.0022908,0.00047021,0.0065332,0.0095439
29.01,-0.0026416,-0.001596,0.00036678,0.00061765,0.0027674,0.0033787
29.11,-0.001134,-0.002491,-0.0020189,0.00081384,0.0075917,-0.00094603
29.21,0.0012343,-0.0030191,-0.0039026,0.0011501,0.0013062,-0.0049458
29.31,0.0039916,-0.0012136,-0.0050573,0.0010035,0.0098863,-0.0019094
29.41,0.0073932,0.0017796,-0.005919,0.0011408,0.0063513,0.0017369
29.51,0.011531,0.0048184,-0.0065717,0.0014511,0.0011632,-0.003422
29.61,0.015544,0.0070219,-0.0067781,0.0035935,0.00046494,-0.0041927
29.71,0.019459,0.0095033,-0.0064693,-0.0088957,-0.0099836,0.00041589
29.81,0.021214,0.011187,-0.0044536,-0.0041359,-0.00768,-0.009022
29.91,0.022704,0.012294,-0.0022359,0.010994,-0.016816,-0.0018306
30.01,0.023773,0.010642,-0.0017958,0.0098682,-0.0076016,-0.0037417
30.11,0.023405,0.0084155,-0.0010249,-0.026724,0.0017095,0.021634
30.21,0.020578,0.0081911,0.0044915,0.025392,-0.0085719,-0.0042787
30.31,0.021044,0.0055959,-0.00011946,0.0017504,-0.017068,0.00065488
30.41,0.018703,8.6866e-05,-0.00057865,-0.0019499,0.0060363,0.0058299
30.51,0.015272,-0.0007079,-0.00078564,0.025243,0.015947,0.00066935
30.61,0.014453,0.0018046,-0.0082805,0.000234,-0.0048901,0.0013207
30.71,0.012914,-0.00021629,-0.0096918,-0.020421,-0.019846,-0.010479
30.81,0.0093927,-0.0077284,-0.0054164,0.02357,0.018544,-0.0054837
30.91,0.007074,-0.0033341,-0.012089,0.004879,0.0015736,0.0029287
31.01,0.0050484,-0.0040326,-0.013662,0.0028923,-0.0058513,-0.0063071
31.11,0.0023752,-0.0063176,-0.01442,0.00070708,-0.01129,-0.011532
31.21,-0.0015411,-0.0088356,-0.013461,0.0034189,-0.011783,-0.0054224
31.31,-0.0072478,-0.013329,-0.012258,0.0049046,-0.009792,0.0042875
31.41,-0.014467,-0.015106,-0.011561,0.00298,-0.003677,0.012061
31.51,-0.021998,-0.013357,-0.011768,0.00040818,-0.0041318,0.013094
31.61,-0.029072,-0.0098449,-0.012981,-0.014537,0.0092246,0.0037619
31.71,-0.033012,-0.0036109,-0.0105,0.0029791,0.015085,0.0093098
31.81,-0.036082,0.0046503,-0.012975,0.01918,0.016357,0.012884
31.91,-0.039362,0.01203,-0.019859,-0.017063,0.022258,-0.010914
32.01,-0.036541,0.016544,-0.017401,0.0072044,0.0027607,0.0085018
32.11,-0.035868,0.0198,-0.021252,-0.0025693,-0.013747,-0.0050511
32.21,-0.035997,0.018538,-0.022539,-0.0061435,0.0043179,-0.0029732
32.31,-0.035214,0.021129,-0.023839,-0.011909,0.00030612,-0.0087549
32.41,-0.032599,0.021886,-0.025673,-0.00011282,0.028208,-0.016769
32.51,-0.030446,0.019534,-0.026806,0.0036566,-0.0058926,0.0029446
32.61,-0.028263,0.018183,-0.027203,-0.0089422,0.014274,-0.013804
32.71,-0.031147,0.022136,-0.056023,0.001547,0.017623,-0.0097971
32.81,-0.012598,-0.0033013,0.0018324,0.003458,-0.013049,0.0010325
32.91,-0.015053,0.00042942,-0.024621,0.00051877,-0.0082876,-0.0059781
33.01,-0.010779,-0.0064095,-0.022073,0.013905,0.010706,-0.011566
33.11,-0.011513,-0.014124,-0.016465,-0.022837,-0.0047803,-0.022496
33.21,0.0011154,-0.025708,-0.012441,0.0034821,-0.003382,-0.0072111
33.31,0.004041,-0.030195,-0.0029608,0.0026221,-0.010334,-0.0029677
33.41,0.0064068,-0.031434,0.0066816,0.0021982,-0.0013451,0.0086236
33.51,0.0073787,-0.028047,0.014942,0.0010926,-0.012474,0.0103
33.61,0.0073427,-0.020384,0.020867,0.001997,-0.0005539,0.010532
33.71,0.0068291,-0.013978,0.02518,-0.0097673,0.0057912,0.0064444
33.81,0.010508,-0.010847,0.027235,0.015003,-0.014769,0.0090025
33.91,0.005597,-0.0032588,0.030598,0.0041379,-0.0036315,0.017482
34.01,0.004366,0.0049685,0.030193,0.00085177,0.0098698,0.019558
34.11,0.0053312,0.0088946,0.027649,-0.0010199,0.0071603,0.0060998
34.21,0.0071761,0.0092473,0.024829,0.0079149,0.0056184,-0.0010292
34.31,0.0086635,0.0098182,0.023285,0.00053769,-0.0021111,0.0066232
34.41,0.01028,0.011218,0.020153,-0.0064419,-0.0011285,-0.00031523
34.51,0.011936,0.0097137,0.016773,0.00014465,0.005315,-0.016377
34.61,0.01405,0.0061409,0.015065,0.022546,-0.012079,-0.023012
34.71,0.014466,0.0061862,0.016843,-0.013075,-0.0047962,0.002088
34.81,0.015259,0.0057534,0.016692,-0.0041246,-0.027555,0.022805
34.91,0.013329,0.0063547,0.014942,0.0084722,-0.0095135,0.011556
35.01,0.010438,0.0042215,0.012337,0.0108,-0.011431,-0.0030563
35.11,0.0067291,0.001903,0.0095869,-0.0011809,0.014046,-0.0068526
35.21,0.0034956,0.00038278,0.0076021,-0.0036574,0.0024946,0.0034767
35.31,0.00071143,-0.0013459,0.006266,0.0084092,0.0012149,0.0016755
35.41,-0.001658,-0.0016166,0.0045734,0.0041346,5.2926e-05,-0.01
35.51,-0.0041136,-0.0030526,0.0038609,-0.0024245,0.0029573,-0.0016421
35.61,-0.0067576,-0.0036272,0.0041821,-0.002358,0.0058089,-0.0013881
35.71,-0.0086381,-0.003005,0.0048645,0.004424,0.0076284,-0.014481
35.81,-0.0090627,-0.0011615,0.0066288,0.0047819,-0.0026845,-0.0037848
35.91,-0.0090146,-7.5154e-05,0.0088986,-0.0048538,0.0031704,0.0082123
36.01,-0.0098342,0.000998,0.010905,0.0020385,-0.0095014,0.015691
36.11,-0.010467,0.0013292,0.011046,0.0091196,0.0023232,0.017397
36.21,-0.010306,0.00061106,0.009401,0.0035334,0.0066696,0.014583
36.31,-0.010064,-3.9212e-05,0.0063337,-0.018144,0.0035465,-0.0023502
36.41,-0.012243,0.00026235,0.0037306,-0.00042685,0.0093479,-0.0016459
36.51,-0.01178,0.0004857,0.0011271,0.011649,-0.0040541,-0.0048249
36.61,-0.010327,0.00081747,-0.00074989,0.0027586,-0.0037173,-0.0064715
36.71,-0.010304,0.00083287,-0.0019371,-0.010603,-0.0033108,-0.010799
36.81,-0.012324,0.0026293,-0.0021518,0.005048,0.0097865,-0.0045292
36.91,-0.011762,0.0031305,-0.00156,0.01791,0.017098,-0.0030046
37.01,-0.0081838,0.0010595,-0.00023367,-0.0017016,0.0017516,-0.0088664
37.11,-0.0062826,0.0018578,0.0014247,0.0045976,-0.0066652,-0.0075163
37.21,-0.0038314,0.0019643,0.0037589,0.00023177,-0.0078878,-0.001831
37.31,-0.0025584,0.0017934,0.0059016,0.0062597,0.0019545,0.0014068
37.41,-0.00036207,0.00012264,0.0079581,0.0013116,-0.0072446,0.0079421
37.51,0.00091443,0.00022541,0.0088061,-0.010734,-0.0072526,0.0076353
37.61,5.2992e-06,-0.00017428,0.0084387,0.0040085,0.0022285,0.0073569
37.71,0.00099696,-0.00098445,0.0075729,0.0052895,-0.0014463,0.0086184
37.81,0.0018593,-0.0014544,0.0055826,-0.001254,-0.0022562,0.010331
37.91,0.0013225,-0.0028351,0.0023858,0.0019197,-0.0052087,0.0069645
38.01,0.00036825,-0.0030958,-0.001402,-0.0011359,-0.0018579,0.005009
38.11,-0.0016637,-0.0036084,-0.0054553,-0.00037674,0.0048461,0.0029267
38.21,-0.0035796,-0.004621,-0.0096288,-0.00052027,0.0022259,-0.001323
38.31,-0.0056576,-0.0033567,-0.013203,-0.0023261,0.0028957,-0.012054
38.41,-0.0080484,-0.0010222,-0.015247,-0.00053743,0.0079101,-0.010242
38.51,-0.0091665,-0.00069262,-0.015898,-0.00088126,0.014838,-0.0019948
38.61,-0.0089085,-0.0017412,-0.016461,0.012744,0.018769,-0.0060245
38.71,-0.0062113,-0.0011162,-0.017415,0.0098189,0.0019198,0.0031134
38.81,-0.0037041,-0.00025725,-0.018672,-0.01819,-0.012837,-0.0063069
38.91,-0.0038282,0.00026243,-0.018228,-0.0043898,-0.0043408,0.0026438
39.01,-0.003458,0.00075385,-0.018448,0.0128,-0.0011474,0.0018944
39.11,-0.0036469,0.0022388,-0.020714,0.0075532,-0.0043389,0.0086715
39.21,-0.0048381,0.0034361,-0.023301,-0.010048,-0.016994,0.005451
39.31,-0.0066657,0.0042259,-0.024198,-0.0002926,-0.009433,-0.0012756
39.41,-0.010479,0.0036792,-0.026016,0.015802,0.0075724,-0.00056008
39.51,-0.015819,0.006217,-0.030167,-0.0161,-0.018792,-0.0023783
39.61,-0.016918,0.0041535,-0.029174,-0.021338,-0.0077561,0.0017489
39.71,-0.018214,0.0024059,-0.026252,0.0046822,-0.001473,-0.021962
39.81,-0.023756,-0.0017522,-0.028024,-0.0031381,-0.0042813,-0.013305
39.91,-0.028095,-0.005734,-0.026032,0.0041408,0.0085146,0.0047561
40.01,-0.034276,-0.0035182,-0.023827,0.0048797,0.00062245,-0.0098726
40.11,-0.040189,-0.0094587,-0.022142,0.0090505,0.0062436,-0.0059245
40.21,-0.047398,-0.012267,-0.019548,0.0019292,0.0025497,-0.022147
40.31,-0.051844,-0.021162,-0.014747,-6.1809e-05,0.0085404,-0.0053776
40.41,-0.054786,-0.025341,-0.006655,0.0094041,0.01058,0.0053966
40.51,-0.059437,-0.023876,-0.00025533,0.012532,0.0093193,0.0095858
40.61,-0.064322,-0.020606,0.0039462,0.0044988,-0.0051049,0.011977
40.71,-0.066775,-0.016664,0.0082423,0.0090747,-0.014958,0.010689
40.81,-0.072178,-0.011325,0.01011,0.0098202,-0.0054695,0.016455
40.91,-0.078146,-0.0032412,0.0096752,0.0047462,0.0033734,0.016967
41.01,-0.081494,0.0070686,0.0093672,0.025122,-0.0071688,0.0040623
41.11,-0.092153,0.011336,0.006585,0.010531,-0.0014474,-0.0027034
41.21,-0.097892,0.015543,0.0053952,-0.0012144,0.019341,0.0066888
41.31,-0.097635,0.024677,0.0049534,0.014736,0.0059675,0.0049517
41.41,-0.10166,0.028784,0.0038024,0.022577,0.0087581,0.0063547
41.51,-0.10672,0.033705,0.0032787,0.013381,0.0053919,-0.0018519
41.61,-0.10873,0.033887,0.0033269,0.0028025,0.021183,-0.0022028
41.71,-0.10634,0.033558,0.0019022,-0.0058284,0.014925,-0.0057377
41.81,-0.099982,0.031313,0.001916,0.020851,0.010052,0.0017878
41.91,-0.10021,0.028307,0.0038182,0.0025833,0.0076381,-0.0053577
42.01,-0.095122,0.019499,0.0046403,0.0015525,0.01188,-0.0084003
42.11,-0.089168,0.0079357,0.0038537,-0.015953,0.01586,-0.012368
42.21,-0.076774,-0.0019388,0.0035708,0.025999,-0.028392,0.0067094
42.31,-0.075183,0.0015654,0.010764,-0.010722,0.0017556,-0.013422
42.41,-0.066091,-0.0067568,0.011849,0.0077665,0.020568,-0.0033052
42.51,-0.061011,-0.015133,0.017153,-0.015065,-0.00809,-0.0056487
42.61,-0.049408,-0.016515,0.01731,0.0030698,-0.0029029,0.005088
42.71,-0.042638,-0.013941,0.023054,0.02713,-0.0054215,0.014297
42.81,-0.041359,-0.0093531,0.034613,-0.0076484,0.0044142,0.01099
42.91,-0.032225,-0.012214,0.033735,-0.023006,0.0236,0.016449
43.01,-0.018098,-0.018747,0.026227,0.011103,-0.0043651,0.020099
43.11,-0.010996,-0.016178,0.027542,-0.0086934,-0.0056591,-0.0048306
43.21,-0.00050194,-0.01593,0.023516,0.01457,-0.0093685,-0.018425
43.31,0.0047676,-0.015644,0.028999,-0.00961,-0.0059378,-0.0044036
43.41,0.01275,-0.012494,0.027859,-0.024713,0.0040433,0.0015894
43.51,0.023233,-0.011532,0.022987,-0.0083652,0.0043998,-0.010413
43.61,0.031296,-0.010787,0.024767,0.0017037,-0.020804,-0.010806
43.71,0.034155,-0.0034946,0.030053,-0.012391,-0.0089793,-0.0045312
43.81,0.037506,0.0041854,0.03282,-0.012298,-0.002312,0.0070318
43.91,0.040822,0.0094742,0.034709,0.007643,-0.016695,0.0048601
44.01,0.041366,0.016968,0.038615,0.010212,-0.04281,0.019162
44.11,0.036409,0.021591,0.040878,-0.030315,0.01678,0.022205
44.21,0.035316,0.018159,0.038556,-0.023896,0.0036174,0.023568
44.31,0.033896,0.01526,0.035958,0.0041441,-0.010339,-0.0059237
44.41,0.031465,0.011409,0.035041,0.0062168,-0.022736,-0.0019231
44.51,0.027818,0.0071099,0.033711,0.0036772,0.023183,-0.0094065
44.61,0.024374,0.0047419,0.03356,-0.026224,0.020693,-0.0006323
44.71,0.021509,0.0031126,0.034335,-0.0086561,0.018419,0.0037415
44.81,0.0205,0.0024512,0.035095,-0.01999,0.017911,-0.0040785
44.91,0.020038,0.0035913,0.03622,-0.0055712,-0.013873,0.00055612
45.01,0.019911,0.0027222,0.037923,-0.016638,-0.0024512,0.0065882
45.11,0.017097,0.0011645,0.039602,-0.011253,-0.0014053,0.011323
45.21,0.014134,0.00040447,0.039946,-0.002093,-0.0029931,0.00073884
45.31,0.011979,0.0022164,0.039588,-0.010482,-0.0054154,0.005924
45.41,0.0079196,-0.00053416,0.038863,-0.011316,-0.0049018,0.014173
45.51,0.0028074,-0.0040595,0.036462,-0.0042311,-0.004891,0.01279
45.61,-0.0015692,-0.0078159,0.031916,-0.014298,0.0061602,0.0039858
45.71,-0.0071806,-0.0094038,0.026262,-0.002974,-0.0053486,-0.010006
45.81,-0.010479,-0.005154,0.021132,-0.014337,0.0038249,-0.0075936
45.91,-0.014812,-0.003895,0.016729,0.018082,0.0017649,-0.005329
46.01,-0.012843,-0.0036832,0.0147,-0.015955,0.0045349,-0.011668
46.11,-0.016168,-0.0025099,0.011364,-0.0072977,3.9112e-05,-0.0091695
46.21,-0.017281,-0.000508,0.0094797,0.0038751,0.0066312,-0.0062316
46.31,-0.016449,0.00015773,0.009319,-0.019764,-0.0057996,-0.0033705
46.41,-0.018331,0.0015847,0.0060806,0.0079396,0.0033971,0.00082576
46.51,-0.01697,0.00041482,0.0070751,-0.0039571,-0.00085871,0.0021774
46.61,-0.016837,0.00050748,0.0061682,0.0027871,-0.0085101,0.0050094
46.71,-0.017041,0.0010488,0.0057555,-0.022713,0.0053572,-0.0013834
46.81,-0.018325,-0.00057653,0.00010015,0.0058461,-0.010702,0.012003
46.91,-0.018352,0.0016,-0.00029025,-0.00033805,-0.003421,0.0093155
47.01,-0.019146,0.0032629,-0.0030968,-0.0018211,0.0042445,-0.0015847
47.11,-0.019475,0.0028525,-0.0065853,0.00083309,0.013054,-0.010078
47.21,-0.018419,0.0016249,-0.0087843,-0.0074244,0.023525,-0.016556
47.31,-0.014681,-0.006132,-0.011,0.014191,0.018416,-0.00035514
47.41,-0.010141,-0.012498,-0.0065765,-0.0073643,-0.0061121,-0.00018007
47.51,-0.0042685,-0.011524,-0.0072824,0.0038079,-0.014987,0.0070161
47.61,-0.0010674,-0.0080069,-0.0056028,-0.00073095,-0.010486,0.0029262
47.71,0.00077414,-0.0057606,-0.0050654,-0.0025667,-0.0087086,0.00098994
47.81,0.0019958,-0.0041525,-0.0051704,-0.0028563,-0.0052015,0.0038324
47.91,0.0025905,-0.0021734,-0.0055652,-0.0033355,-0.0047939,0.00046856
48.01,0.0027822,-0.0016106,-0.0061488,-0.003794,-0.0020767,-0.0020149
48.11,0.0028061,-0.0018872,-0.0065381,-0.0029543,-0.00040219,-0.0060371
48.21,0.002493,-0.0017487,-0.0061398,-0.0026726,0.003896,-0.0024387
48.31,0.0025287,-0.0033647,-0.0052188,-0.0014831,0.00085682,-0.00013986
48.41,0.0024654,-0.0034386,-0.0043017,-0.0013123,0.0055348,0.0054095
48.51,0.0029583,-0.0047667,-0.003926,-0.0010584,0.011582,0.0074001
48.61,0.0043466,-0.0057703,-0.0040093,0.00029215,0.0037244,0.0029942
48.71,0.0060856,-0.0043056,-0.0039456,0.00078264,0.00096799,-0.0031006
48.81,0.0078396,-0.0053586,-0.003402,0.0018726,0.0033326,-0.0011445
48.91,0.0096828,-0.0058149,-0.0026409,0.0020685,0.0035452,0.0033469
49.01,0.011824,-0.0041415,-0.0018662,0.0019449,0.0050408,-0.00074682
49.11,0.014364,-0.0031054,-0.00089981,0.0027864,-0.00075988,-0.0028215
49.21,0.016506,-0.0014505,0.00061468,0.0011611,-0.0091655,-0.0052694
49.31,0.017617,0.00063534,0.0029873,0.0022166,-0.0095417,-0.0090101
49.41,0.01737,0.0016282,0.0062691,0.0025011,-0.01308,-0.0045197
49.51,0.015314,0.0004883,0.0095321,0.0051566,-0.015092,-0.00084176
49.61,0.011323,0.0017261,0.012563,-0.0038066,-0.022165,0.0075341
49.71,0.0060852,0.0035316,0.014564,0.0020724,-0.015624,0.010272
49.81,-0.0014234,0.0049818,0.015062,-0.00414,-0.0026841,0.016434
49.91,-0.0076399,0.0079762,0.013534,0.0054148,0.00043653,0.0019388
50.01,-0.014727,0.0086402,0.011159,-0.015201,0.0048305,0.00082741
50.11,-0.019689,0.0092134,0.0083274,0.014982,0.011972,0.0038826
50.21,-0.0255,0.010812,0.005929,0.011997,0.0059897,-0.0018011
50.31,-0.029801,0.012768,0.0044597,0.011046,0.011721,0.00081751
50.41,-0.032928,0.014221,0.0033054,-0.0029822,0.028157,-0.0029143
50.51,-0.033632,0.012179,0.0006108,0.00060804,0.020318,-0.0021324
50.61,-0.0321,0.0079129,-0.0010261,0.0096343,-0.0059163,-0.010222
50.71,-0.030248,0.0065233,0.00018067,0.005902,0.010426,-0.0092198
50.81,-0.028209,0.0041505,0.0019847,0.0073467,0.01105,0.0015269
50.91,-0.025166,-0.0028547,0.0045483,-0.014076,0.0044411,-0.0081305
51.01,-0.019845,-0.0075504,0.0028312,0.011479,0.014326,-0.0047899
51.11,-0.01444,-0.013443,0.0080949,0.0067978,-0.02213,-0.0031664
51.21,-0.0098164,-0.0084819,0.012844,-0.0097419,-0.020529,-0.010869
51.31,-0.0075182,-0.003603,0.013519,0.0063535,-0.015504,0.0030436
51.41,-0.0071677,0.00026572,0.018315,-0.014754,0.00094864,0.0078352
51.51,-0.0074075,0.0010253,0.016783,0.0044151,0.003258,0.013987
51.61,-0.0071712,0.0006582,0.019165,0.010057,0.0045741,0.01086
51.71,-0.0058388,-0.0027861,0.021575,-0.011196,0.019842,0.0064853
51.81,-0.0037464,-0.0069438,0.017651,0.0032757,0.0071314,0.0033711
51.91,0.00059021,-0.0097703,0.017349,-3.9948e-06,0.01721,-0.0097959
52.01,0.0064898,-0.0099249,0.016771,0.0079029,0.0098171,-0.0056716
52.11,0.014493,-0.0098553,0.018558,0.0033803,0.00011029,-0.0047693
52.21,0.021882,-0.0065583,0.019824,-0.010642,0.0022265,-0.0064418
52.31,0.026707,-0.00083436,0.019094,-0.0058769,0.00015044,-0.0074949
52.41,0.031393,0.0073888,0.019968,0.010977,-0.019701,-0.00442
52.51,0.035698,0.018448,0.023541,-0.024351,0.017712,-0.0026338
52.61,0.036351,0.022627,0.023184,0.0016426,-0.039573,0.0046287
52.71,0.038405,0.028861,0.025854,0.003151,-0.027301,0.01039
52.81,0.0383,0.028736,0.027602,0.0012568,0.0044851,0.0036745
52.91,0.037204,0.026282,0.030299,-0.034207,-0.015357,0.036143
53.01,0.027696,0.016587,0.031042,0.027337,-0.016478,-0.0087127
53.11,0.032529,0.017277,0.028659,0.011188,-0.01908,0.0052323
53.21,0.031521,0.0097308,0.026632,-0.011193,0.0032559,0.026103
53.31,0.021723,-0.0046958,0.025223,-0.022904,0.040347,0.008748
53.41,0.0085403,-0.01068,0.022218,-0.0025209,0.0078428,0.0085792
53.51,0.0061146,-0.020042,0.01611,0.019178,-0.010731,0.0053976
53.61,0.010874,-0.027335,0.0059571,0.0064892,-0.013253,0.0021694
53.71,0.0099782,-0.031273,-0.0033226,-0.014257,0.0017293,-0.0035604
53.81,0.0018732,-0.030774,-0.0096894,0.012073,0.0029155,-0.0099865
53.91,0.0033313,-0.023839,-0.017344,-0.00015703,0.00016245,-0.0060103
54.01,0.00053834,-0.016614,-0.022462,0.0089179,0.0023623,-0.0057597
54.11,0.00015021,-0.009108,-0.027354,0.0042224,-0.011331,-0.0050528
54.21,-0.0032166,-0.0040184,-0.03077,0.00071654,0.0019405,-0.022223
54.31,-0.0062983,0.0045745,-0.030148,0.0054812,-0.0052206,-0.0015074
54.41,-0.0092667,0.0062612,-0.030823,-0.0046306,-0.0022921,-0.016352
54.51,-0.014752,0.010487,-0.028143,0.014682,0.020202,-0.0091483
54.61,-0.015062,0.012796,-0.026582,0.0075077,0.015636,-0.0069612
54.71,-0.015112,0.013917,-0.023847,0.0037091,0.010916,-0.0051932
54.81,-0.014742,0.011652,-0.020174,-0.00073081,0.0032317,-0.010456
54.91,-0.014523,0.0092798,-0.015298,0.0094895,0.00044579,0.017802
55.01,-0.013646,0.0057552,-0.012219,-0.012364,-0.0092062,0.0078624
55.11,-0.013571,0.0028888,-0.0097824,0.00013705,0.011458,0.0012753
55.21,-0.012546,-0.00010076,-0.0079206,0.013512,-0.0037778,0.014969
55.31,-0.01149,-0.0029675,-0.0073842,-0.0049693,0.0060172,0.0064585
55.41,-0.010165,-0.0057433,-0.0077632,0.0060527,-0.0023927,0.0067992
55.51,-0.0089128,-0.0069254,-0.0089947,-0.0045928,-0.0069485,0.0067852
55.61,-0.0079776,-0.0074495,-0.011002,0.001295,-0.00087759,-0.0013625
55.71,-0.0079234,-0.0058565,-0.012969,0.003851,0.00068463,-0.0043546
55.81,-0.0082064,-0.0034304,-0.014443,-0.013832,0.0048853,-0.014606
55.91,-0.0067121,-0.0032005,-0.014903,0.016728,0.011607,-0.010804
56.01,-0.0065983,-0.0026466,-0.013555,0.0063554,0.0017727,-0.0056802
56.11,-0.0054224,-0.0017478,-0.012085,-0.01829,-0.0072778,-0.0068033
56.21,-0.002157,-0.0011318,-0.010713,0.012895,0.0036828,-0.0087949
56.31,-0.001712,-0.0026191,-0.0074765,0.0004659,-0.00083424,-0.0047172
56.41,0.0003856,-0.0028314,-0.0042171,0.0082368,0.0061551,0.0022638
56.51,0.0020989,-0.0033285,-0.0014305,-0.0066182,0.0094169,0.0012843
56.61,0.0069263,-0.0032118,0.00060849,-0.0018008,-0.011758,-0.0038062
56.71,0.010073,-0.0026783,0.0028807,-0.0087616,-0.018668,-0.0024833
56.81,0.012717,-0.0014009,0.0051307,0.021166,-0.0011792,0.0021855
56.91,0.01126,-0.0017221,0.0067756,-0.0079433,-0.0056949,0.017075
57.01,0.013166,-5.6534e-05,0.0066171,0.0092457,-0.0051357,0.0068637
57.11,0.012492,-0.00091035,0.0053022,0.010087,-0.0070224,0.0055759
57.21,0.010964,5.2993e-05,0.0030553,-0.011727,-0.012301,0.0070233
57.31,0.010709,-0.00087161,0.0011205,0.0026338,0.0017332,-0.0035443
57.41,0.0084595,-0.0018343,-0.0010967,0.013697,0.004917,0.00046317
57.51,0.0052253,-0.0022325,-0.0036119,-0.0064194,-0.0051665,0.0014259
57.61,0.003871,-0.0017305,-0.0049489,0.0050541,0.0021335,-0.0037186
57.71,0.0010938,-0.002818,-0.0063258,0.0033578,0.0091359,-0.0065477
57.81,-0.00081482,-0.0021551,-0.0070312,-0.0028405,-0.00017828,-0.0053115
57.91,-0.0018343,-0.0030782,-0.0065497,-0.0066014,-0.0068396,-0.0040572
58.01,-0.0026434,-0.0037363,-0.00553,-0.0012668,-0.00069933,-0.0023198
58.11,-0.0042428,-0.0028888,-0.004345,-0.0010141,-0.00070906,-0.0073951
58.21,-0.0057131,-0.0027016,-0.0023004,-0.0026009,0.0035037,-0.0037352
58.31,-0.0062626,-0.0042557,0.00032634,-0.0018116,0.0059156,-0.0032732
58.41,-0.006135,-0.0037939,0.0033381,-0.0012215,0.0016049,-0.00066616
58.51,-0.0053419,-0.0034829,0.0062749,-0.001362,0.0036899,0.0065822
58.61,-0.0039118,-0.0030863,0.0083357,-0.0020973,-0.0039968,0.0070107
58.71,-0.0025602,-0.00071501,0.009424,3.83e-05,-0.016265,0.0012485
58.81,-0.0030044,7.7692e-05,0.010166,-0.0023259,-0.0065172,0.0085115
58.91,-0.0039525,0.0014234,0.010141,-0.00014058,-0.010959,5.8592e-05
59.01,-0.006181,0.00046057,0.010399,-0.001374,-0.013138,-0.012506
59.11,-0.0096291,0.00070593,0.012071,-0.000201,-0.0026648,-0.0051377
59.21,-0.0073681,0.0013621,0.018042,-0.0033135,0.0033944,-0.0032396
59.31,-0.021901,0.0038752,0.014991,-0.0045019,-0.013648,-0.017116
59.41,-0.019649,0.010244,0.022229,-0.0040393,0.0073851,-0.0040349
59.51,-0.021375,0.014518,0.027629,0.023626,0.0022801,0.010389
59.61,-0.021541,0.017533,0.035024,-0.009674,0.015663,0.002011
59.71,-0.021842,0.021375,0.038477,-0.021984,0.037542,0.03137
59.81,-0.021675,0.016497,0.038166,-0.0054828,0.014803,0.02101
59.91,-0.017347,0.011265,0.037353,0.019306,-0.018305,-0.0010866
60.01,-0.0098554,0.010106,0.038816,-0.01188,0.0045069,-0.0012434
60.11,-0.0086168,0.0073036,0.035438,-0.0055722,0.019525,0.029289
60.21,-0.005601,-0.0063274,0.031692,-0.0020235,-0.0015276,-0.0022776
60.31,-0.00071979,-0.0091555,0.025877,0.010306,-0.016373,-0.016436
60.41,0.0054867,-0.0044645,0.023046,-0.0033623,-0.012793,-0.024865
60.51,0.0065607,0.00041571,0.020713,-0.0070571,-0.0047797,-0.021963
60.61,0.0059172,0.0050951,0.020115,0.011015,-0.0057443,-0.0026752
60.71,0.0094033,0.0070884,0.02304,-0.0064981,-0.010346,0.0016868
60.81,0.0073665,0.0072228,0.023904,-0.0055853,0.0029394,0.013415
60.91,0.0048417,0.004904,0.024416,-0.014466,0.015201,0.018874
61.01,0.00052136,-0.0011951,0.022472,-0.0041206,0.020852,0.01236
61.11,0.001519,-0.0074956,0.019254,0.005443,0.018244,0.017608
61.21,0.0078652,-0.014284,0.014211,-1.4201e-05,0.0065662,0.021406
61.31,0.013802,-0.019339,0.0057787,-0.0018463,0.0060552,0.011507
61.41,0.019656,-0.019322,-0.0047019,0.0054165,0.0048072,0.0056502
61.51,0.02707,-0.016351,-0.015464,0.01239,-0.011453,-0.0082835
61.61,0.033104,-0.0071141,-0.02454,-0.002713,0.0070214,-0.012425
61.71,0.036101,0.0058859,-0.030523,-0.027647,-0.0053811,-0.006994
61.81,0.032625,0.015506,-0.033888,0.016981,-0.0046699,-0.02748
61.91,0.03939,0.025186,-0.035687,-0.034009,-0.048693,-0.021689
62.01,0.031145,0.027487,-0.03161,0.0067464,0.041166,-0.0022011
62.11,0.034946,0.037204,-0.032409,0.0094278,-0.0093234,-0.0052565
62.21,0.03921,0.036439,-0.033548,-0.025309,-0.038646,-0.0091696
62.31,0.039025,0.025824,-0.027692,-0.0038067,-0.011092,-0.021943
62.41,0.039222,0.015123,-0.023824,-0.010645,-0.032586,-0.024297
62.51,0.037274,-0.0010107,-0.015166,-0.0015971,-0.0044132,-0.0026379
62.61,0.031458,-0.0101,-0.0064222,0.025953,0.032254,0.0045307
62.71,0.024223,-0.0064224,-0.0065778,-0.010399,0.006655,0.015482
62.81,0.021351,-0.0094131,0.0031553,-0.0038186,-0.0061362,0.015879
62.91,0.018502,-0.01544,0.0086507,0.0026117,0.0034819,0.01946
63.01,0.014826,-0.015864,0.0092481,0.007663,0.0021596,0.023993
63.11,0.011454,-0.013723,0.0054679,0.0035058,0.0046185,0.0096761
63.21,0.0089041,-0.011576,0.0010355,0.0046767,0.0047325,0.0032956
63.31,0.0071241,-0.0088983,-0.0041237,0.0040459,-0.0015816,-0.007281
63.41,0.0054303,-0.0075956,-0.0079574,0.0040482,-0.0039644,-0.013406
63.51,0.0030949,-0.0070084,-0.010053,0.0050103,-0.01111,-0.019968
63.61,0.028067,-0.012165,-0.01764,-0.0020197,-0.008755,-0.023041
63.71,-0.033337,-0.0043953,0.0018989,-0.0010492,-0.008022,-0.0030378
63.81,-0.010088,-0.011355,-0.0011892,0.0022321,-0.0022654,-0.0023793
63.91,-0.015768,-0.010816,0.002497,0.011097,0.0017614,0.016356
64.01,-0.021399,-0.007232,0.0019226,-0.0095434,-0.0063619,0.0016846
64.11,-0.026387,-0.005633,0.0053583,-0.015098,0.0065629,0.00021831
64.21,-0.029514,-0.0010877,0.0096969,0.02996,0.015018,0.024944
64.31,-0.033141,0.0055709,0.004232,-0.0062029,0.010004,0.0027927
64.41,-0.033867,0.0097259,0.0037257,-0.026913,0.011719,-0.0098342
64.51,-0.033154,0.011548,0.0056651,0.015733,0.0080591,0.0097598
64.61,-0.033636,0.012557,0.0034526,-0.00091392,0.028396,0.011208
64.71,-0.030642,0.01112,0.00075694,-0.026382,0.020563,-0.0079879
64.81,-0.024945,0.0071473,-0.0019577,0.00043032,0.0028205,0.0060791
64.91,-0.019704,0.003483,-0.0047833,-0.01116,-0.014767,-0.0011019
65.01,-0.014478,0.0028743,-0.0084328,-0.004012,-0.00065715,0.003404
65.11,-0.010276,0.00069084,-0.011719,0.0021092,-0.0052317,-0.0044877
65.21,-0.0061114,-0.0017601,-0.014022,-0.0052249,-0.0095742,-0.0067994
65.31,-0.0021967,-0.0034948,-0.015779,-0.0054091,-0.0030448,-0.013647
65.41,0.0011187,-0.0054483,-0.016025,-0.0077908,0.0047134,-0.013887
65.51,0.0045744,-0.0074658,-0.014468,0.0018174,-0.0077576,-0.0081552
65.61,0.006614,-0.0075986,-0.010907,-0.0024303,-0.00097554,0.00066217
65.71,0.0082311,-0.006425,-0.0073523,-7.8351e-05,-0.0031328,0.0016044
65.81,0.008862,-0.0054564,-0.0037957,-0.00016777,-0.0027878,0.0041616
65.91,0.008641,-0.0046733,-0.00062165,0.00057468,-0.007726,0.0083449
66.01,0.0074343,-0.0039337,0.0016301,0.00083272,0.0018617,0.011415
66.11,0.0062632,-0.0032287,0.0023331,0.0019104,0.0045684,0.015374
66.21,0.0053659,0.00022521,0.0012521,0.0021142,0.00011853,0.0083312
66.31,0.0046791,0.0024386,-0.00064802,4.7266e-05,0.0083987,0.0006076
66.41,0.0051267,0.0032025,-0.0025956,0.00030095,0.00579,-0.0050823
66.51,0.0062834,0.0039148,-0.0038472,0.00011214,-0.00070302,-0.0049968
66.61,0.0076801,0.0033526,-0.004476,-0.00072832,-0.00039764,-0.0039401
66.71,0.0089342,0.00080471,-0.0048092,-1.6764e-05,0.011244,-0.0044076
66.81,0.011149,-6.1599e-05,-0.0044215,-0.00062866,-9.0638e-05,-0.005331
66.91,0.013398,0.00035151,-0.002995,-0.0063541,-0.0019093,-0.007902
67.01,0.015357,0.00062112,0.00019978,-0.0073082,0.0014378,-0.007057
67.11,0.016867,0.0030243,0.0042567,0.021736,-0.0065028,-0.0079359
67.21,0.016499,0.0043573,0.0065013,-0.016451,-0.012874,0.0038181
67.31,0.015297,0.0038306,0.012397,-0.0017906,-0.0092333,0.007364
67.41,0.012272,0.0046212,0.015916,0.021569,-0.0058705,0.0058903
67.51,0.0090543,0.0029289,0.01521,-0.0051026,-0.0012118,0.017271
67.61,0.0051516,0.0020357,0.015749,-0.013831,-0.0018166,0.028232
67.71,0.00059019,-0.00065133,0.01437,-0.0017236,0.0092058,0.024291
67.81,-0.0021606,-0.0019665,0.0085991,-0.0056743,0.014967,0.00023839
67.91,-0.0032229,-0.0023528,0.0027364,-0.00056543,0.0014023,-0.0072851
68.01,-0.0028565,-0.0024198,-0.0029689,0.00045958,-0.0053618,-0.010836
68.11,-0.0020737,-0.0016946,-0.0073226,0.0019372,0.0043396,-0.010986
68.21,-0.011117,0.0015279,-0.01851,0.0096545,0.0064876,-0.013209
68.31,0.022912,0.0029857,0.00446,-0.010599,0.012346,-0.011683
68.41,-0.0048517,0.0071476,-0.018715,0.0052097,-0.00089923,-0.01719
68.51,0.0082794,0.0091142,-0.0086262,0.0057621,0.0060293,-0.011514
68.61,0.011562,0.0087074,-0.0051398,-0.0077984,0.0019744,-0.0028782
68.71,0.013688,0.0090139,0.00021008,0.0094324,0.0015046,-0.0062276
68.81,0.016505,0.012384,0.0046389,-0.0065315,-0.0067611,-0.00039162
68.91,0.017001,0.012762,0.011192,-0.0095384,0.0032757,0.013489
69.01,0.016137,0.012499,0.018152,-0.0087327,0.0044606,0.013761
69.11,0.015237,0.012853,0.02362,0.018762,-0.0026148,0.0084314
69.21,0.017342,0.014098,0.023386,0.022334,-0.0020691,0.013919
69.31,0.020058,0.014442,0.021284,0.0023224,-0.0050841,0.013036
69.41,0.02048,0.011338,0.020875,0.0092074,0.0052929,0.0014569
69.51,0.021865,0.011297,0.018064,0.0036085,0.012305,-0.0022249
69.61,0.023231,0.015141,0.016555,-0.01247,0.0061422,-0.0088399
69.71,0.022666,0.018848,0.018995,0.0016558,-0.00071659,-0.0044593
69.81,0.025042,0.020388,0.020157,-0.013668,-0.021542,0.0052181
69.91,0.024816,0.014937,0.024265,0.032724,-0.043939,0.00088501
70.01,0.030434,0.0024914,0.016165,-0.0086001,0.00081636,0.0031439
70.11,0.02424,0.00049826,0.018094,0.011849,0.019797,-0.015408
70.21,0.023002,0.00845,0.014177,-0.0066467,-0.0015185,-0.010815
70.31,0.019508,0.010055,0.017589,-0.011527,-0.0098353,-0.0076038
70.41,0.014282,0.0078383,0.023622,0.0070341,-0.014532,0.017609
70.51,0.012136,-0.0027615,0.02368,0.010735,-0.0019487,0.0097785
70.61,0.0097011,-0.0088655,0.020613,0.0073527,-0.00079795,0.0095189
70.71,0.006188,-0.012634,0.017056,-0.0041085,-0.0048201,0.0062054
70.81,-0.00095999,-0.01448,0.01567,-0.00049216,-0.0036075,0.020685
70.91,-0.0077129,-0.02028,0.010893,-0.00036156,-0.0020497,0.015563
71.01,-0.014817,-0.023797,0.0033377,-0.010652,-0.00023422,0.0051557
71.11,-0.02432,-0.021516,-0.0016443,0.0010088,-0.0024195,-0.0029276
71.21,-0.030009,-0.017321,-0.0088374,0.010985,0.024747,-0.0003282
71.31,-0.028441,-0.0064558,-0.01754,-0.0076924,0.0017298,-0.0037036
71.41,-0.032228,-0.00053427,-0.021334,-0.017364,0.020142,-0.013661
71.51,-0.033287,0.010446,-0.021617,0.0064077,0.031303,-0.0043844
71.61,-0.026073,0.019281,-0.025257,0.031437,0.0012417,0.0034691
71.71,-0.019633,0.020862,-0.032034,-0.011111,-0.0039483,-0.028994
71.81,-0.020069,0.023011,-0.029259,0.0045572,-0.0079115,-0.01162
71.91,-0.018935,0.021238,-0.028924,-0.023049,-0.0076983,-0.032236
72.01,-0.019491,0.019418,-0.02481,0.0048124,0.016375,-0.0076504
72.11,-0.016986,0.013847,-0.021092,0.012367,0.0088395,0.0084035
72.21,-0.014697,0.0070513,-0.01736,0.012377,-0.0036414,0.025946
72.31,-0.012739,0.0040228,-0.015211,-0.020401,-0.021433,0.011605
72.41,-0.010757,0.0020925,-0.01581,-0.0046895,-0.0020103,0.010266
72.51,-0.010047,0.00096423,-0.017138,0.011631,0.0014228,0.016409
72.61,-0.010852,0.0026526,-0.018851,0.012782,0.0064486,0.01515
72.71,-0.011971,0.0050119,-0.021732,-0.011038,-0.007999,-0.0001114
72.81,-0.01031,0.0085894,-0.026672,6.0215e-05,0.010218,-0.0080502
72.91,-0.0097344,0.01049,-0.030282,0.0058917,-0.020871,0.020233
73.01,-0.010913,0.020506,-0.033293,0.0027428,0.0072334,-0.014827
73.11,-0.01269,0.021739,-0.037637,-0.012363,0.013761,-0.022639
73.21,-0.010786,0.018889,-0.04186,0.00084845,0.0018342,-0.0020664
73.31,-0.0099236,0.021438,-0.043211,0.0033841,0.017732,-0.025063
73.41,-0.010106,0.011996,-0.044624,0.0063947,0.013659,-0.024281
73.51,-0.0092568,-0.0022106,-0.042247,-0.0078212,-0.0058031,-0.027689
73.61,-0.0017051,-0.015408,-0.038234,0.0059105,0.011573,-0.017543
73.71,0.0011602,-0.027972,-0.027939,-0.014471,-0.0042033,-0.015657
73.81,0.012661,-0.038506,-0.016962,-0.005121,-0.01659,0.0031618
73.91,0.018315,-0.04232,-0.0047426,-0.0020043,-0.023026,0.026611
74.01,0.019781,-0.03126,0.0032847,0.0080067,-0.0079135,0.035721
74.11,0.01562,-0.017814,0.0065195,-0.0059549,-0.00060319,0.03941
74.21,0.016697,-0.0044839,0.0040949,-0.0063171,-0.011585,0.035689
74.31,0.016819,0.008115,-0.00091753,0.0096077,-0.0098224,0.0084824
74.41,0.010628,0.013197,-0.005691,0.0058856,0.002297,-0.0069377
74.51,0.0060408,0.013429,-0.01005,0.0010406,-0.00072165,-0.016449
74.61,0.0030094,0.0092909,-0.013794,-0.00013002,0.023004,-0.010877
74.71,0.0021431,0.0055138,-0.016354,0.002116,0.012757,-0.015355
74.81,0.0020335,0.00030682,-0.017521,0.0031816,0.009239,-0.015588
74.91,0.0025334,-0.0035018,-0.01675,0.0015864,0.0021779,-0.011288
75.01,0.0042331,-0.005756,-0.014299,-0.012675,-0.0012388,-0.018654
75.11,0.010676,-0.011837,-0.0098781,0.0079292,-0.0082637,-0.016414
75.21,0.0089645,-0.016838,-0.0032032,0.0027619,-0.0094091,-0.0028846
75.31,0.0082894,-0.017834,0.0036481,0.0024459,-0.00048685,0.0078517
75.41,0.0074531,-0.015091,0.0092306,-0.012898,-0.008727,0.017481
75.51,0.010439,-0.009228,0.012409,0.0052963,-0.0053872,0.010653
75.61,0.0072118,-0.0051257,0.014115,0.0095641,-0.0044893,0.010662
75.71,0.0032045,-0.0025702,0.014417,-0.0016051,-0.0016067,0.0043694
75.81,0.0019479,-0.0018915,0.014538,-0.017433,0.0045147,0.0037292
75.91,0.0046775,-0.0009349,0.014857,4.3242e-05,-0.0040938,0.0062984
76.01,0.0024658,0.0012861,0.014153,0.0023091,-0.0092105,-0.0036176
76.11,-0.0010546,0.00035907,0.01389,-0.0023814,-0.001275,0.0063371
76.21,-0.003556,0.0014298,0.013307,0.0022691,-0.0037905,-0.0077496
76.31,-0.0073209,0.00035632,0.013111,-0.012311,0.01347,0.0035949
76.41,-0.0076918,0.00044237,0.012817,0.018111,-0.0014444,0.0061888
76.51,-0.011945,0.001701,0.011688,0.0037498,0.0014902,-0.0032763
76.61,-0.013769,0.0021129,0.011003,-0.018496,0.025979,0.0022605
76.71,-0.011405,0.002253,0.0096661,-0.010907,-0.00063852,-0.0072284
76.81,-0.010144,0.0024937,0.0087057,0.004209,-0.0050634,-0.0061535
76.91,-0.010249,0.0032215,0.0090524,0.0084026,-0.00074973,0.0044575
77.01,-0.010395,0.0026386,0.0097081,0.012141,0.010624,0.0091657
77.11,-0.0096341,0.0019559,0.0097224,0.0066194,0.0024359,9.9713e-05
77.21,-0.0079344,0.00058387,0.009647,0.01329,0.00019949,-0.0084717
77.31,-0.0059929,0.0010497,0.010894,0.0060459,-0.0017455,-0.014723
77.41,-0.0035936,0.00096358,0.013168,0.0068638,-0.004628,-0.012985
77.51,-0.00141,0.0031181,0.016757,0.0011522,-0.0020083,0.0072673
77.61,0.00042954,0.0029401,0.019106,-0.0041792,-0.0085804,0.0088002
77.71,0.0014958,0.0025795,0.019957,0.0020706,-0.014414,-0.00040465
77.81,0.0018887,0.0055902,0.020913,0.0040824,-0.012767,-0.00078538
77.91,0.001399,0.0077656,0.022558,-0.0058375,-0.0016875,0.020695
78.01,-0.00074214,0.0062083,0.02214,0.0045028,-0.0026894,0.028412
78.11,-0.0021699,0.0014418,0.019536,0.0033874,-0.0035485,0.0096988
78.21,-0.0039377,0.000119,0.015651,-0.00051734,-0.00042904,-0.001347
78.31,-0.0067949,-0.0012481,0.011415,-0.0008945,0.0063991,-0.0031994
78.41,-0.0095552,-0.0018878,0.0077313,-0.011332,0.0074128,-0.0046655
78.51,-0.013238,-0.0029086,0.0036934,0.0069635,0.014676,-0.0019758
78.61,-0.013022,-0.0051061,0.0018362,-0.0027041,0.0072727,-0.0081377
78.71,-0.013225,-0.0042132,0.00010415,0.009238,0.0098844,-0.010034
78.81,-0.010525,-0.0020543,0.00035582,0.0046125,0.019945,-0.0076827
78.91,-0.0066467,-0.0031829,0.00082826,-0.002055,-0.0081138,-0.0058627
79.01,-0.0041741,-0.0026839,0.0012834,0.010461,-0.0050923,-0.012277
79.11,-0.00068255,-0.0011781,0.0038536,-0.00062336,-0.0058955,-0.006129
79.21,0.00088358,0.00045566,0.0058379,-0.002571,-0.0022158,-0.0015883
79.31,0.0018829,0.00033396,0.007665,-0.0021497,-0.0031659,0.0043034
79.41,0.0027284,-0.00056929,0.008899,-0.0027383,-0.0047446,0.0055153
79.51,0.0031686,-0.00020259,0.0093591,-0.0030309,0.0026289,0.0065217
79.61,0.0038512,-0.00051557,0.0088441,-0.0040129,0.0042897,0.010282
79.71,0.0043954,-0.0026349,0.0072836,-0.0040186,0.003389,0.0067738
79.81,0.0051478,-0.0026746,0.0047864,-0.0022202,-0.0038151,0.0012164
79.91,0.0057492,-0.0017821,0.0023043,-0.002973,-0.0033362,-0.0014442
80.01,0.0059923,-0.0012826,-5.5344e-05,-0.0024811,-0.00021172,-0.0020901
80.11,0.0060874,-0.00037839,-0.0021454,-0.0022218,-0.0011707,-0.0085564
80.21,0.0059227,0.000745,-0.0033819,-0.0024064,-0.00076664,-0.0055958
80.31,0.0056074,-0.0001442,-0.0038186,-0.001366,-0.0060753,-0.0067556
80.41,0.0049948,-0.00087831,-0.0035774,-0.0019294,-0.003014,-0.0048985
80.51,0.0040852,-0.0001461,-0.0027802,-0.0019958,0.0018029,0.00095138
80.61,0.0032561,-0.00055794,-0.0019224,-0.0017562,0.0087223,0.0073675
80.71,0.0036605,-0.0012065,-0.0018304,-0.0017176,0.0025385,0.0041155
80.81,0.0041063,-0.001648,-0.0023036,-0.00099447,0.002567,0.0051195
80.91,0.0049437,-0.0011656,-0.003316,-0.0012998,-0.0022082,-0.00056442
81.01,0.0054405,-0.0016079,-0.004421,-0.0012634,-0.0053172,-0.0032051
81.11,0.0054069,-0.0014811,-0.0051912,-0.0024116,-0.00026737,-0.0055741
81.21,0.0053332,-0.00060836,-0.0053188,-0.0045661,-0.00051296,-0.00086333
81.31,0.0053173,-8.2485e-05,-0.0051672,-0.0036369,-0.00032343,0.0026108
81.41,0.0052499,0.0011408,-0.0053578,0.0052846,-0.002404,-0.00094913
81.51,0.0052002,0.0016934,-0.005462,0.00010116,-0.0024474,0.00065729
81.61,0.0047207,0.0016916,-0.005495,-0.0070697,-0.013232,-0.0056583
81.71,0.0028597,0.0017033,-0.0045908,0.0036734,-0.0083728,-0.0049819
81.81,0.00024371,0.0027047,-0.0038512,0.00043649,0.0020171,0.0031712
81.91,-0.0020547,0.0024113,-0.0032948,-0.0029473,0.0039635,0.0052662
82.01,-0.0038411,-0.00025906,-0.0031004,-0.00099951,0.0087858,0.0012917
82.11,-0.0048914,3.5975e-06,-0.0032371,-0.00056676,0.0048289,0.00091226
82.21,-0.0052227,0.0014485,-0.0032372,-0.00085657,0.0058153,0.0014005
82.31,-0.0050177,0.001806,-0.0033156,-0.00036746,-5.1834e-05,-0.0012262
82.41,-0.0048438,0.0016685,-0.0034467,0.00014731,-0.00033922,-0.0021982
82.51,-0.0046132,0.0016312,-0.0034595,0.00011356,-0.0048014,-0.0065751
82.61,-0.0047556,-7.8302e-05,-0.0028554,0.00021645,-6.649e-05,-0.0037946
82.71,-0.0050184,-0.0012203,-0.0016674,0.00080632,0.0042598,-0.0019785
82.81,-0.0049355,-0.0010461,-0.00044496,0.00049807,-0.00048863,0.0019595
82.91,-0.0049116,-0.0014622,0.00056204,0.00073233,-0.0014502,0.0025628
83.01,-0.0049862,-0.0023334,0.0014302,0.00077447,0.0025137,0.0027963
83.11,-0.0048437,-0.0032403,0.0019944,0.00074372,-0.001123,0.0026746
83.21,-0.0046664,-0.0037475,0.0022122,0.00061351,0.0039657,0.0018004
83.31,-0.0041475,-0.0023539,0.0020934,0.00087471,0.0026409,0.0013313
83.41,-0.0034971,-0.0013566,0.0020008,0.00060181,-0.0004666,-0.00045185
83.51,-0.0027194,-0.0016908,0.0019039,0.00039306,-0.0044385,-0.00038012
83.61,-0.0022516,-0.00073204,0.0020111,0.00042734,0.00078306,-0.0045494
83.71,-0.0016662,-0.00072126,0.0023326,0.0005893,0.0025177,-0.00082195
83.81,-0.0012166,9.9643e-05,0.0028111,-7.7963e-05,0.00089186,0.0029427
83.91,-0.0006309,0.0011508,0.0029692,7.0905e-05,-0.0016433,0.00092522
84.01,-5.2091e-05,-6.3166e-05,0.0028958,-1.5551e-05,0.001266,0.0033793
84.11,0.00058001,-0.0010054,0.002592,-0.00016637,-0.0050368,0.0021292
84.21,0.00074264,-0.0011588,0.0020562,-6.5374e-05,-0.0035279,0.0022751
84.31,0.00039388,-0.00061376,0.0015356,0.00012749,-0.0022049,-0.0022672
84.41,-0.00023886,-0.00026427,0.0010803,-0.000403,0.00032145,-0.0012555
84.51,-0.00081281,0.00036921,0.00071407,-4.1558e-05,-0.00019791,0.0017276
84.61,-0.0014329,0.00048004,0.00014969,-6.5157e-05,0.00056021,0.0017904
84.71,-0.002014,0.0011988,-0.0006402,-0.00028617,0.0020709,0.0015153
84.81,-0.0021469,0.00073996,-0.0014098,9.1838e-05,0.0080129,-0.00011267
84.91,-0.0017291,0.00013725,-0.0021676,0.00023541,0.0057272,0.0024799
85.01,-0.00061355,-0.001478,-0.0030118,0.0002072,0.0009768,-0.00056054
85.11,0.00071767,-0.0028879,-0.0038262,-8.3038e-05,-0.0028756,-0.0029433
85.21,0.0016703,-0.0029989,-0.004564,6.1135e-05,-0.0049472,-0.0015852
85.31,0.0022321,-0.0029555,-0.0052008,-7.4473e-05,-0.003273,-0.0029633
85.41,0.0024143,-0.003355,-0.0055309,0.00034081,-0.0013911,-0.00036208
85.51,0.0025631,-0.003496,-0.0055375,-4.7889e-05,0.0015062,-0.0027628
85.61,0.0026163,-0.0011743,-0.0051094,8.263e-05,-0.0016334,-0.0057894
85.71,0.0025808,0.0002882,-0.0042942,-0.00016719,-0.00032504,-0.0031396
85.81,0.0024351,0.0010526,-0.003032,-2.3675e-05,-0.003031,-0.0026948
85.91,0.0021205,0.0011102,-0.0018605,1.2314e-05,-0.004829,0.0028717
86.01,0.0012494,-0.00042921,-0.00080883,-8.2283e-05,-0.0012597,0.0051721
86.11,0.00031548,-0.00097344,-0.00012733,0.00025819,0.0016125,0.0031513
86.21,-0.00055946,-0.00029063,0.00033143,9.2407e-05,0.002464,0.0013734
86.31,-0.0010937,-0.00044755,0.00060193,0.00013341,0.0013428,-0.0010176
86.41,-0.0015707,-0.00086339,0.0010217,-5.0127e-06,0.0025441,-0.0017949
86.51,-0.0018009,-0.00055074,0.0013223,0.0001304,0.004807,0.0033017
86.61,-0.001581,-0.00049735,0.0013888,0.0001074,-0.0013427,0.0046389
86.71,-0.0015791,-0.00049065,0.0010138,8.4968e-05,-0.0046176,0.0028125
86.81,-0.0019232,-0.0007774,0.00037428,-0.00012153,-0.00085051,-0.00032896
86.91,-0.002262,-0.00089423,-0.00040324,0.00019837,0.0063942,2.9646e-05
87.01,-0.002064,-0.00023529,-0.0012813,-0.00014206,0.0012804,0.00043468
87.11,-0.0015062,0.00097455,-0.0020764,0.00018229,-0.00029157,-0.004809
87.21,-0.0010899,5.7421e-05,-0.0023419,0.00028263,1.9819e-05,-0.0073793
87.31,-0.00065261,-5.0715e-05,-0.0019653,-0.00010665,-0.00034513,-0.0037537
87.41,-0.00012303,-0.00082392,-0.00099428,-2.868e-05,-0.00037767,-0.0027357
87.51,0.00024531,-0.0012642,0.00038175,7.4618e-05,-0.0009174,-0.0016341
87.61,0.00068616,-0.00032005,0.001724,-4.057e-05,-0.0015611,0.00065558
87.71,0.0008672,0.00039678,0.0029017,-0.00012054,0.0014069,0.0023985
87.81,0.0011565,0.0014012,0.0040086,-3.2719e-05,-0.0054724,-0.0017385
87.91,0.00079962,0.0025451,0.0050899,-6.8131e-05,-0.0042756,0.00087937
88.01,0.00012403,0.0031441,0.0060398,-1.2768e-05,-0.0037817,0.006694
88.11,-0.00079245,0.0029707,0.0064276,9.9715e-05,0.0023666,0.0048878
88.21,-0.0017181,0.0026564,0.0062094,-9.3899e-07,0.0012039,0.0058983
88.31,-0.002434,0.0025569,0.0054235,-0.00041074,0.00047938,0.0049997
88.41,-0.0032336,0.0029803,0.0041206,2.0055e-05,0.0037101,0.0027602
88.51,-0.0036449,0.0027476,0.0027948,0.00017741,-0.0014793,-0.0046288
88.61,-0.0039957,0.0029386,0.0018395,0.00029503,0.0039507,-0.0051922
88.71,-0.0040031,0.0032498,0.0012923,6.2249e-05,0.0058832,-0.0033517
88.81,-0.0034542,0.0034686,0.0012405,1.5262e-05,0.0039476,0.0016507
88.91,-0.0024373,0.0037496,0.00099075,0.00017231,0.0024118,0.001505
89.01,-0.0011173,0.0045555,0.00067573,-8.8575e-05,-0.0020841,-0.0028542
89.11,-0.00013585,0.0049218,0.00057255,-7.7513e-06,-0.0034163,-0.0015237
89.21,0.00037489,0.0039188,0.00069067,0.00031413,0.0023813,-0.0022251
89.31,0.0011342,0.0039033,0.0011519,-7.0573e-07,0.00049757,-0.0056645
89.41,0.0019882,0.0034168,0.0020267,-6.0651e-05,-0.006032,-0.0019168
89.51,0.0022276,0.0038244,0.0031931,5.0231e-05,-0.0090086,0.0038752
89.61,0.0016406,0.004638,0.003786,0.00017899,-0.0036798,0.0073041
89.71,0.00076991,0.0055559,0.0037657,0.00016374,0.0031427,0.0075638
89.81,5.4711e-05,0.0063869,0.0030304,4.5139e-05,0.00053471,0.0031223
89.91,-0.00059374,0.0065097,0.0018194,0.00022505,-0.0007218,0.0010939
90.01,-0.0012139,0.006474,0.00055397,0.00036542,-0.00037089,-0.00099939
90.11,-0.0017715,0.0065956,-0.00069649,0.00012181,-0.0020665,-0.0011222
90.21,-0.0024465,0.0064524,-0.0018586,0.00021765,-0.00014499,0.0034995
90.31,-0.0031332,0.0060395,-0.003393,9.3844e-05,0.0021279,0.0031188
90.41,-0.003864,0.0064233,-0.0049355,0.00025357,0.0042342,0.0041497
90.51,-0.0040473,0.0062499,-0.0067965,0.00030402,-0.0012209,0.0014696
90.61,-0.0042057,0.0079766,-0.0089975,0.00035172,0.0050899,-0.0063288
90.71,-0.0037878,0.0090244,-0.010623,0.00049306,0.002131,-0.0034883
90.81,-0.0031123,0.0074212,-0.011745,0.00016851,0.0023849,-0.0022906
90.91,-0.0022145,0.0072978,-0.012698,0.00035548,0.0022824,-0.0015053
91.01,-0.0012925,0.0081566,-0.013404,0.00020624,0.0031859,0.00049555
91.11,-7.79e-05,0.0081667,-0.014156,0.00069965,0.0014195,-7.5856e-05
91.21,0.0014244,0.0090059,-0.01479,-0.00014584,-0.0028684,0.00015887
91.31,0.0025604,0.0098605,-0.015839,0.0003634,-0.0061765,0.0034991
91.41,0.0029243,0.0087041,-0.016972,3.524e-05,-0.0081121,0.00099591
