2,-1.9025e-12,5e-12,9.7527e-13,5.5511e-17,-2.3781e-11,-1.2191e-11
21.2,-5.5225e-06,3.4521e-06,-7.6947e-13,4.1671e-13,-6.9035e-05,9.8857e-12
21.3,-0.00017525,0.00089555,0.0003792,0.00019509,-0.0038278,0.0036608
21.4,-3.362e-05,0.0028703,0.00055244,-0.00020786,0.00080937,0.0013234
21.5,-0.00091833,0.010489,0.00034355,-0.00047118,0.001057,0.0015229
21.6,-1.7585e-05,-0.0016332,0.00030843,-0.000152,0.00085396,0.00012373
21.7,-0.00039192,0.0037039,6.4144e-05,0.0019928,0.0016075,-0.0034125
21.8,-0.0013482,0.013767,-0.00056548,1.6812e-05,0.00049096,-0.00068959
21.9,0.0012576,-0.010707,0.0003729,-0.00077214,-0.0015417,0.00080286
22,0.00030921,0.00095734,8.8281e-05,-0.00045707,-0.00055055,0.0013059
22.1,0.0020501,-0.026725,0.0014473,-5.2174e-05,0.00024538,0.0026938
22.2,-0.00090139,0.024852,-0.00074519,-0.00092469,-0.0011007,-0.0056367
22.3,0.00033876,0.0082215,2.255e-05,-4.5974e-05,0.00010703,0.0032475
22.4,0.00072759,-0.013379,0.00094666,0.00086869,0.00097018,0.0023981
22.5,0.00043708,-0.0031345,0.00068914,-0.00088871,-0.00076272,-0.0019915
22.6,0.00024822,-0.0083083,0.00030111,0.00057193,0.00021327,0.00029051
22.7,-0.00093614,-0.010484,-0.00052464,0.00015052,0.00020112,-0.00099577
22.8,0.0005821,0.0066681,0.00019029,-0.00028236,-0.00035345,0.00029591
22.9,0.0023152,0.00026995,0.00096432,0.00020522,-0.00026523,0.00070727
23,0.0012867,-0.0048642,0.00030879,-9.3322e-08,-6.3405e-05,0.00010415
23.1,-0.00053867,0.00043602,-0.00045094,1.6568e-05,-0.00032346,-0.00018826
23.2,0.0023182,-0.010106,0.00068171,0.00019189,-0.00050531,-0.00052524
23.3,-0.00091179,0.0021982,-0.00047142,-0.00028666,-0.00057699,9.7717e-05
23.4,0.00076855,-0.0053347,9.4676e-05,-0.00016483,0.00022468,0.0003851
23.5,-0.0085787,0.04356,-0.0041592,8.4626e-05,0.002658,-0.0010102
23.6,0.0060624,-0.033574,0.0023429,-1.3508e-05,-0.0017435,0.0016651
23.7,-0.00022536,0.00036525,-0.00055155,-3.4602e-05,-0.00053137,-0.00076035
23.8,0.00019038,-0.002896,-0.00046629,-6.1395e-05,0.00014749,-0.00024226
23.9,-0.00058925,0.00055872,-0.00066616,5.2971e-05,-0.00018584,-0.00024542
24,-0.0017181,0.0089441,-0.00026964,0.00013746,-0.00011885,0.00020555
24.1,0.00032796,-0.0077055,-0.00088641,-6.9646e-05,0.00069011,-0.00093496
24.2,-0.00095558,0.0014855,-0.00050486,0.0002156,-0.0011359,-0.00045545
24.3,-0.00096907,0.00020573,-0.00058624,0.00010542,0.00019631,0.00027205
24.4,-0.0010641,0.00033043,-0.0004059,4.1299e-05,0.00028158,0.00026551
24.5,-0.0010065,0.00020765,-0.00030855,0.0001554,7.2661e-05,0.0001425
24.6,-0.00098873,0.00011734,-0.00031353,0.00014193,0.00025958,7.6507e-05
24.7,0.00060601,-0.0049543,6.2928e-05,5.1808e-05,-0.00085672,-0.00046416
24.8,-0.0013959,0.00079207,-0.00047736,2.7135e-05,0.00049212,8.1117e-05
24.9,-0.0020481,0.0022167,-0.00057638,0.00011035,0.00049167,0.00010178
25,-0.00027841,-0.0023389,-0.00033728,0.00017589,-0.00041345,-0.00038216
25.1,-0.0011462,-0.00079334,-0.00045665,0.00012774,-8.8571e-05,5.1046e-05
25.2,-0.0020213,0.00061511,-0.00038092,0.00020321,-0.00037482,0.00012686
25.3,-0.0015265,-0.0006186,-0.00010845,0.00019558,0.00071738,3.0933e-05
25.4,-0.00085529,-0.0015356,-0.0001416,0.00033845,-0.00065369,0.00092539
25.5,-0.0016854,-0.00046456,-0.00043821,8.3927e-05,0.00026309,-0.0010501
25.6,-0.0030688,0.0012896,-0.00010724,-0.00022888,0.0027956,-0.0031709
25.7,-0.00032255,-0.0017281,-0.00047432,0.00031901,-0.0017051,0.0017335
25.8,-0.0011221,-0.00049813,0.00021089,0.00032868,-0.00056293,0.00083302
25.9,-0.0017099,-0.00078247,-0.0014679,0.00042619,-0.0012785,0.0025792
26,-0.0029446,-0.00044635,-0.0028496,0.00049893,-0.0022873,0.0019245
26.1,0.0033147,0.00022978,0.0068219,-0.00072661,0.0048259,-0.0047239
26.2,-0.0019081,-0.00039252,-0.0015636,0.00010849,-0.0007685,0.00014938
26.3,-0.0073949,-0.00029117,-0.0079354,0.00090495,-0.0018202,0.00072176
26.4,0.0063735,-0.00035199,0.0088255,-0.00085687,0.0023197,-0.0012087
26.5,-0.00037447,-0.00037605,0.00082439,2.8658e-06,-0.0011411,0.0012793
26.6,-0.00021135,-0.00022591,0.00079284,-1.9006e-05,0.00057162,0.00075884
26.7,-7.9161e-05,-3.302e-05,0.00083395,1.519e-05,-0.0016037,-0.001012
26.8,-0.00019118,-9.7361e-05,0.00097853,0.00028551,-0.00054849,0.00068022
26.9,-0.00044073,-0.00029853,0.00085237,-0.00055424,0.00058672,-2.966e-05
27,-0.00080067,-0.00026314,0.00058797,0.00025083,0.00094469,-0.00051866
27.1,0.0067424,0.00065393,0.0089281,-0.00067607,-0.00026027,0.00084298
27.2,-0.015922,-0.0018495,-0.017609,0.0014421,0.00021531,-0.0020114
27.3,-0.017357,-0.0020653,-0.019325,0.0019241,-0.0015277,-0.00025925
27.4,0.024055,0.0029509,0.029176,-0.0029323,0.0016627,0.0014927
27.5,-0.00042479,4.2208e-06,0.00041457,-0.00015463,-0.00088202,0.0010597
27.6,-0.010104,-0.0014123,-0.010822,0.0009512,0.00076903,-0.00019732
27.7,-0.010767,-0.0015579,-0.011513,0.0013571,-0.00026439,-0.0015623
27.8,0.019295,0.0012432,0.021731,-0.0027607,-0.00075955,0.0017675
27.9,-0.00060146,-0.00068855,-0.00063385,0.00028899,0.0022626,-0.0016009
28,-0.00034507,-0.00033644,-0.00077153,-0.00075058,0.001653,0.0002394
28.1,8.7417e-05,-0.00020187,-0.00067966,0.00023086,-0.0041271,0.00031858
28.2,7.4658e-05,-0.00065569,-0.00074883,6.0174e-05,0.00055706,0.00016584
28.3,0.024532,0.00010615,0.02201,-0.0036242,-0.0011308,0.0028311
28.4,-0.02428,-0.00088211,-0.024038,0.00225,0.00021487,-0.00016534
28.5,-0.00020367,-0.00051747,-0.0012808,0.0012973,-3.8442e-05,-0.0027913
28.6,9.712e-05,-0.00036221,-0.0016031,0.0021808,1.1747e-05,-0.003808
28.7,0.00055401,2.2058e-06,-0.0016103,-0.0021179,0.0002528,0.0024501
28.8,0.00046643,-0.0002333,-0.0013305,-0.0010132,0.00025729,0.00063908
28.9,0.026046,0.00034548,0.017044,-0.0068472,-0.002788,-0.00050276
29,-0.02572,-0.00064529,-0.018819,0.0050999,0.0021797,0.00059672
29.1,0.026271,-3.8623e-05,0.0152,-0.0060746,-0.00023098,0.0025634
29.2,-0.025691,-0.00087622,-0.017101,0.0058896,0.00039508,-0.0016482
29.3,0.00044296,-0.00067436,-0.0014207,0.00080958,-0.00056351,-0.00097686
29.4,0.000305,-0.00082709,-0.0016958,-0.00023289,-0.00046848,-0.00074209
29.5,0.0004164,-0.0011878,-0.0014699,-0.0020254,-7.3042e-05,3.8536e-05
29.6,0.0001251,-0.0012801,-0.0010701,0.0011014,-7.4913e-05,0.00087488
29.7,0.012755,-0.0018538,0.0033568,-0.0034604,-0.001563,0.00083607
29.8,-0.00011683,-0.0016614,-0.0021784,-0.00090165,-0.0011093,-0.002546
29.9,-0.012479,-0.0012402,-0.0055162,0.0058826,0.0016982,-2.9398e-05
30,-0.011955,-0.0012255,-0.0046594,0.0017287,0.00091471,3.618e-06
30.1,0.011492,-0.0022515,0.0021891,-0.0059515,-0.0011132,-0.002442
30.2,-0.00059752,-0.0015979,-0.00030388,0.0051909,0.00072753,0.0017532
30.3,-0.00056583,-0.0012214,-0.00079255,-0.0011626,-5.2001e-05,0.00020699
30.4,-0.021151,-0.0011102,-0.0050414,0.0069424,0.00021887,-0.0017012
30.5,0.019887,-0.001791,0.0036716,-0.0063739,-0.00037254,0.001377
30.6,-0.010156,-0.0014323,-0.0019634,0.00083047,-0.00013719,-0.0011864
30.7,0.027781,-0.00075842,0.0035374,-0.013329,0.00014508,-0.0084141
30.8,-0.018683,-0.0019984,-0.0010351,0.0098162,-0.00016363,0.0078372
30.9,-0.00012869,-0.001197,0.00085212,0.00049764,-0.00012651,0.00018859
31,-0.00032124,-0.0011336,0.0011835,3.2334e-06,-0.00062128,0.0004141
31.1,-0.00035994,-0.0012642,0.0013891,-0.00056255,7.7473e-05,-0.00049351
31.2,0.0074695,-0.00063611,0.001782,-0.0057541,-0.00079744,0.00074744
31.3,-0.0086313,-0.0013252,0.0011826,0.0043223,0.00074345,0.0012056
31.4,0.0067745,-0.00061935,0.0013802,-0.0026766,-0.0003087,0.0020499
31.5,-0.057909,-0.0035952,0.0015339,0.021415,0.0016926,-0.010136
31.6,0.049349,0.00079079,0.00095942,-0.018778,-0.0014022,0.0086766
31.7,0.005734,-0.0010054,-0.0015223,-0.0042902,0.00055479,-0.00067323
31.8,-0.013053,-0.0011122,0.0029037,0.0093007,-0.00095189,-0.0015115
31.9,0.0060894,-0.00069619,-0.0026612,-0.00038,0.00050088,-0.00051595
32,-0.00031861,-0.00076616,-0.0007761,-0.0020729,0.00014352,-0.00088088
32.1,0.0060429,-0.0005965,-0.0040265,-0.0042432,0.00099058,-0.0013208
32.2,-0.0059364,-0.00078347,0.0035167,0.00024889,-0.00069696,0.00033483
32.3,-0.019041,-0.00098334,0.012898,0.0093574,-0.0021403,0.00099978
32.4,0.027596,0.00044896,-0.016915,-0.0087893,0.0024917,0.0011894
32.5,0.0014308,0.00011494,-0.00052463,0.0050262,-0.00022828,-0.00085989
32.6,0.0015345,0.00035339,-0.00073339,-0.010062,-0.0012798,-0.0063326
32.7,-0.0062502,-0.0004503,0.0058046,0.0057873,2.162e-05,0.0037065
32.8,0.0014424,-3.0057e-05,0.0010398,-0.00049465,-0.0012432,0.0013474
32.9,0.0012417,-5.8385e-05,0.0012175,-0.00080031,0.00036557,0.0010459
33,-0.035712,-0.0014299,0.01982,0.0095504,0.0010497,-0.000983
33.1,0.038636,0.0015093,-0.016625,-0.011683,0.00018788,0.0033624
33.2,0.0014246,0.00014924,0.0010302,-0.0007028,-0.00098674,-0.00013138
33.3,0.011446,0.00061056,-0.0036327,-0.002079,-0.00064657,-0.0022281
33.4,-0.0088391,-0.00020019,0.0052331,0.0029881,0.00071383,-0.0021605
33.5,0.0011792,2.449e-05,0.00099387,0.0039838,0.00089649,0.0013193
33.6,0.022605,0.00083997,-0.0079101,-0.0051283,-0.0012391,-0.00060127
33.7,-0.02048,-3.9304e-05,0.0099089,0.0042218,0.00059211,0.00083597
33.8,-0.032139,-1.976e-05,0.013657,0.0061738,0.00074496,0.00015626
33.9,0.034184,0.00041442,-0.011057,-0.0078604,-2.4106e-05,0.0011247
34,0.00073262,0.00038851,0.0011136,0.00066106,-0.00018536,7.574e-05
34.1,0.00072624,0.00047778,0.0007114,-0.00017687,0.00012172,0.00053595
34.2,-0.034795,-0.0012829,0.012141,0.0064502,-0.0017612,-0.0023986
34.3,-0.060278,-0.0035566,0.020813,0.012566,0.0001567,-0.0045202
34.4,0.08598,0.0055851,-0.026828,-0.017112,0.00076834,0.0058839
34.5,0.10584,0.0073514,-0.034604,-0.021021,-0.0023121,-0.0035827
34.6,-0.077128,-0.0051216,0.027083,0.017274,0.0010406,0.0026047
34.7,-0.052778,-0.0032774,0.018044,0.0088997,0.00034474,0.0011565
34.8,0.041911,0.0029685,-0.013576,-0.0078488,-0.0011128,-0.0015506
34.9,-0.013055,-0.00088161,0.0046,0.0012583,-0.00041963,-0.00032082
35,0.014987,0.0006212,-0.0037968,-0.0021148,2.6586e-05,0.00016625
35.1,0.015164,0.00051664,-0.0035175,-0.002069,-0.0006476,0.00056467
35.2,-0.014435,-0.0015115,0.0048448,0.0026838,0.00023542,-0.00015648
35.3,-4.4573e-05,-0.00052645,0.00062716,0.00031576,-0.00019538,0.00019254
35.4,-0.015658,-0.0013549,0.0038609,0.0024696,0.00040835,0.00048531
35.5,0.029965,0.00050069,-0.0059464,-0.0054245,-0.0010227,-0.00037855
35.6,-0.016339,-0.0012738,0.0032042,0.0014858,0.0011204,6.0127e-06
35.7,-0.0010052,-0.00060807,0.00034293,5.4971e-05,0.0012503,-0.00034032
35.8,-0.00088535,-0.00045045,0.00012649,0.00071251,-0.00023249,6.9288e-05
35.9,-0.00077005,-0.00056093,-0.00021149,0.00026918,-0.0015806,-7.3868e-05
36,-0.00088341,-0.0010256,-0.00024259,6.4691e-05,-0.00022572,-0.00035427
36.1,-0.0013222,-0.001178,-0.00033114,-3.2009e-06,-0.00031938,-6.057e-05
36.2,0.013984,-0.0017496,-0.0012005,-0.001728,-0.00094688,-0.00041061
36.3,-0.0020254,-0.0015019,-0.00035929,-0.00021034,0.00039219,-0.00036689
36.4,-0.016962,-0.00072425,6.143e-05,0.0022199,0.00092994,0.0001191
36.5,-0.016122,-0.0007411,-0.00044983,0.0022523,0.00022426,-9.2322e-05
36.6,0.012504,-0.00156,-0.00051704,-0.0020651,0.00038134,-4.2966e-05
36.7,0.011677,-0.0014959,-0.00019886,-0.0021307,-2.6273e-05,0.00026396
36.8,-0.040943,-0.00062375,-0.0025828,0.0057154,-0.00029295,-0.00076599
36.9,0.024552,-0.0019342,0.00048288,-0.0038503,-0.00055639,-0.00014742
37,0.01065,-0.0016074,-0.00018216,-0.0017388,0.00095009,-0.0010342
37.1,-0.036874,-0.00069448,-0.0042913,0.0052695,-0.0007446,0.0010625
37.2,0.02215,-0.002162,0.0012022,-0.0035879,-0.00079289,-0.00081573
37.3,-0.0014758,-0.0014707,-0.00095067,0.00025491,4.5339e-05,0.00026212
37.4,-0.011717,-0.00063303,-0.0026216,0.0021137,0.00055881,-0.0003626
37.5,-0.0008173,-0.00085783,-0.0010581,-0.00017122,-0.00015871,-1.7877e-05
37.6,0.0081822,-0.001256,0.00090644,-0.0018647,-0.00096744,-0.00013213
37.7,-0.0016906,-0.00074028,-0.00089125,-0.0002019,4.966e-05,-0.0007852
37.8,-0.0017798,-0.00056499,-0.00064605,9.1318e-05,0.00057729,-0.00066788
37.9,-0.051875,0.0015986,-0.014071,0.0097764,-0.0025737,0.0056506
38,0.04832,-0.0017947,0.01474,-0.0094914,0.0032158,-0.0054684
38.1,-0.0014397,-0.00010859,0.00027163,3.8564e-05,0.00033841,0.00048811
38.2,-0.022385,-0.00092162,-0.010363,0.0043873,-0.0020445,0.0006185
38.3,0.019562,0.00066797,0.011443,-0.0044961,0.0003269,-0.000936
38.4,0.0026675,0.00026531,0.0040775,0.0001422,-0.00053241,0.00083879
38.5,-0.0055233,-0.00011931,-0.0025571,0.0011271,0.00014827,0.00023905
38.6,-0.0017404,0.00024126,0.00083946,-0.00026539,-0.00077218,0.00019115
38.7,-0.0022589,0.00065468,0.00097265,-0.00071318,0.00055289,0.0011027
38.8,-0.001309,0.00084596,0.0046874,-0.00010846,-0.0015783,0.00084378
38.9,-0.0038131,0.00048217,0.00024705,0.00017678,0.0011981,8.0048e-05
39,-0.0037657,0.00023884,-0.0040651,0.0022347,0.0023384,-0.001794
39.1,-0.0031438,0.00036075,-0.00042539,0.0004039,-0.00040209,5.57e-05
39.2,0.0023642,0.00040703,-0.010324,0.0029485,-0.0018992,-0.0026103
39.3,-0.0083527,0.00037837,0.0090285,-0.0024354,0.0042543,0.0015963
39.4,-0.0022063,0.00030693,-0.00046755,-0.00027587,0.000512,-0.00054812
39.5,-0.0015496,0.00021325,-0.00041777,0.00038327,0.00027627,-0.00031202
39.6,0.0096261,0.00082453,-0.0058038,0.00065375,-0.0038835,0.0035436
39.7,-0.018769,-0.0010571,0.0094905,-0.00070039,0.0068173,-0.012961
39.8,0.032366,0.0030072,-0.016448,-0.00031715,-0.005412,0.01683
39.9,-0.021788,-0.00079311,0.012586,0.00085926,-0.0008195,-0.0044801
40,-0.0042352,0.00045079,0.0030472,0.00065002,-0.0022759,0.001563
40.1,-0.0010987,0.00058124,0.0003435,0.00027311,0.00067638,-0.0013104
40.2,0.0077234,0.00057977,-0.0046414,-0.00061038,0.00302,-0.0015853
40.3,-0.00048309,0.0004374,5.3777e-06,0.00014723,0.00059298,7.4465e-05
40.4,-0.012511,0.00076429,0.0040498,0.0012262,-0.0018811,0.00030114
40.5,-0.0089943,0.0010058,0.0015821,0.0011013,0.0013294,-0.00019376
40.6,0.0048309,-0.00015158,-0.0024374,-0.00055925,-0.0010126,-7.3992e-05
40.7,-0.0018408,0.00012786,-0.00027757,0.00021493,0.00027735,0.00037768
40.8,-0.0018383,1.6928e-05,-0.00013882,0.00041503,-0.00065352,-0.00048213
40.9,-0.010853,0.00075448,0.002328,0.0012821,0.00078805,9.2888e-05
41,0.0074396,-0.00062896,-0.0020983,-0.00072442,0.00011297,0.00015657
41.1,-0.0012862,-7.9429e-05,0.00023599,0.00033391,0.00021322,1.1083e-05
41.2,-0.0010492,-0.00023115,0.00034281,0.0004626,0.0011255,0.0002268
41.3,0.0095335,-0.00094134,-0.0029817,-0.0016171,-0.0013887,-0.00036709
41.4,-0.010796,0.00016784,0.0032307,0.0018481,0.00052478,0.00045216
41.5,-0.010743,-4.8173e-05,0.003699,0.0024181,-0.00015914,-0.00070641
41.6,0.020708,-0.0012453,-0.0073378,-0.0034301,-0.00011479,0.00028882
41.7,0.031249,-0.0018431,-0.012227,-0.0043658,8.397e-05,0.0003649
41.8,0.010433,-0.0010238,-0.0052181,-0.0011352,0.00031876,-0.0002855
41.9,-0.051859,0.001834,0.0222,0.0086542,-0.00039277,0.00026
42,0.094548,-0.0045806,-0.042556,-0.016508,-0.0021744,-0.0022035
42.1,-0.082352,0.0026064,0.039078,0.012164,0.0013418,0.00076332
42.2,-0.01954,-0.0001693,0.010446,0.0066564,0.0015468,0.003865
42.3,0.011446,-0.00089825,-0.0054899,-0.0027406,-0.0016871,-0.0016161
42.4,0.0011875,-0.00044947,-0.0001052,-0.00063606,-0.00051647,-0.0010211
42.5,0.010732,-0.00046655,-0.0057765,-0.0020357,-0.00011739,-0.00019106
42.6,0.019463,-0.00058053,-0.011735,-0.0039264,-0.00022895,0.00045794
42.7,-0.026614,0.00029999,0.017521,0.0056682,0.0011756,-0.00086975
42.8,0.0011372,-8.5087e-06,0.00022672,-0.00058174,8.8051e-05,0.00034484
42.9,0.0010266,1.608e-06,0.00011848,0.00076376,-0.00020969,0.00065043
43,0.00083841,2.0421e-05,0.00021722,0.00070044,-8.7372e-05,0.00027673
43.1,0.00072512,-5.6737e-05,0.00018177,-0.0013306,0.00010488,-0.00026752
43.2,0.00047138,8.8104e-05,-7.3566e-05,0.00057459,-0.00011362,0.00043413
43.3,0.00061031,0.00012544,-0.00016796,0.00028768,4.2797e-05,0.00021181
43.4,0.014159,0.00021426,-0.012511,-0.0043104,0.00029892,-0.0012336
43.5,-0.019716,-4.8327e-05,0.017451,0.0047135,-0.00034102,0.00068832
43.6,0.0068443,0.00016892,-0.0066136,-0.0014037,0.0010889,0.00015878
43.7,0.00031545,-2.4577e-05,-0.00083397,0.0010501,0.00057738,-7.652e-05
43.8,0.00048403,0.00017994,-0.00088987,0.00077679,0.00035342,1.7405e-05
43.9,-0.010585,-0.00031925,0.0083963,0.0058502,0.00091429,0.00010625
44,0.012511,0.00081692,-0.0097092,-0.0056841,-0.0014481,-0.00021744
44.1,0.0013123,0.00018794,-0.00072961,0.0013499,-0.00037674,0.00015038
44.2,0.006313,0.00079563,-0.0045435,-0.0053911,-0.001015,-0.00026463
44.3,-0.0034993,0.00015089,0.0024264,0.0031717,-0.00082824,0.0017747
44.4,0.0010998,0.0007098,-0.0015116,0.00028013,-0.00080201,0.00019535
44.5,0.00090255,0.00059706,-0.001852,0.00069916,-0.00062876,-0.00031837
44.6,0.0005709,0.00070525,-0.0022089,0.0022606,-0.0001996,-0.00041809
44.7,0.00021322,0.00074553,-0.0021499,-0.00090143,0.00045657,-0.00017222
44.8,-8.4585e-05,0.00060105,-0.0020977,-0.0015214,0.00039864,0.00011688
44.9,-0.0049507,0.00079039,-0.0026963,0.0025802,0.00022455,0.0010446
45,-0.00072486,0.00058251,-0.0029377,2.106e-05,0.00039451,1.0518e-05
45.1,-0.0062576,0.0011665,-0.0050074,-0.0020329,0.0011391,-8.7519e-05
45.2,0.010418,-0.00040296,0.0013186,-0.00022896,0.00024011,-0.0012932
45.3,-0.00046935,0.00060531,-0.0023434,0.0012963,0.00039643,0.00020141
45.4,-0.0069954,0.0010435,-0.0063318,0.0030213,0.0005234,-0.00064579
45.5,-0.00785,0.0011365,-0.0074516,0.0083549,-0.00096666,-0.0022847
45.6,-0.0019128,0.00099531,-0.002501,0.00035578,-0.0027064,0.00097774
45.7,-0.010203,0.0016514,-0.0076269,-0.00071551,0.00084476,-0.0038309
45.8,0.030941,-0.0021482,0.022072,-0.017354,0.00031724,0.0091416
45.9,-0.0090837,0.0013151,-0.0071884,0.0064952,-0.00092387,-0.001111
46,-0.0010298,0.00066814,-0.00087437,-0.00081018,0.0009459,-0.00012927
46.1,-0.011527,0.0014281,-0.0065504,0.0025381,0.001604,0.00044677
46.2,0.0094654,7.4151e-05,0.0046552,-0.0030447,-0.00027552,-3.0022e-05
46.3,-0.00088955,0.00088601,-0.0010395,-0.0012368,0.0001228,0.00031165
46.4,-0.00058749,0.00082181,-0.0013354,0.00086328,-1.0617e-05,0.00044347
46.5,0.011758,0.00038415,0.0037498,-0.0028144,-0.00021678,0.00016207
46.6,-0.00016746,0.0010835,-0.0013776,-0.0016112,0.0001497,0.00035173
46.7,-0.012964,0.0020141,-0.0064397,0.0068442,-0.00015326,4.1976e-05
46.8,-0.00020956,0.0014634,-0.0011916,0.0009941,0.000391,0.00029182
46.9,-9.8483e-05,0.001124,-0.00098153,0.001326,0.00017192,0.00035891
47,0.0001135,0.0012278,-0.00087406,-0.0010862,0.00045827,0.00011069
47.1,0.00034469,0.001114,-0.0010257,-0.00097408,-0.00011764,0.00057417
47.2,0.015358,6.7815e-05,0.0017426,-0.00736,0.00040074,6.7129e-05
47.3,0.001004,0.00093067,-0.0023724,0.01048,0.00052474,-0.00024868
47.4,0.13746,-0.007705,0.023994,-0.041075,-0.0027195,0.001385
47.5,-0.15225,0.010668,-0.021385,0.044013,0.0017608,-0.00076384
47.6,0.00071594,0.00051484,-0.0010454,-0.0056374,0.00014735,7.4292e-05
47.7,0.00072653,0.00044258,-0.0019929,0.00084257,0.00084648,-0.00025745
47.8,0.00081931,0.0001373,-0.0018431,-0.0010396,0.00077971,0.00019767
47.9,0.0010517,4.8054e-05,-0.0020203,0.0023045,-0.00082119,-3.9607e-06
48,0.0010444,0.00031503,-0.0015671,0.00067316,-0.00066023,-0.00036693
48.1,-0.015497,0.0011078,0.0011201,0.0053812,0.00021216,-0.0015874
48.2,0.067928,-0.0013473,-0.011252,-0.020364,-0.0016594,0.0062913
48.3,-0.065148,0.0027951,0.013468,0.017904,0.0022227,-0.0048515
48.4,-0.014632,0.00098869,0.0061602,0.011056,0.0026028,0.002253
48.5,0.050533,-0.0013517,-0.017598,-0.018173,-0.0041466,-0.00067078
48.6,-0.02924,0.00029415,0.014046,0.011913,0.0021559,0.0052259
48.7,0.04664,0.00012067,-0.025467,-0.01785,-0.0034789,-0.0055371
48.8,-0.013736,0.00022773,0.0061967,0.006849,0.0012822,0.0015048
48.9,-0.049574,-0.00014258,0.037359,0.021206,-0.0041053,0.0020444
49,0.064449,0.0011392,-0.050579,-0.031149,0.0049205,-0.0015358
49.1,-0.034685,7.5023e-05,0.028392,0.025405,-0.0019188,0.0025094
49.2,0.012818,0.00031436,-0.012333,-0.0042998,0.0011018,-0.0012588
49.3,-0.0087389,0.00053195,0.0090321,0.0082494,0.0016283,0.00020175
49.4,0.01146,0.00045856,-0.012723,-0.011216,-0.001201,-0.00036938
49.5,0.00047962,0.00057019,-0.0023872,-0.0019578,-0.00047153,6.2235e-05
49.6,0.016215,0.00062575,-0.024817,-0.01204,-0.00060411,-2.7036e-05
49.7,0.013068,0.00034978,-0.024895,-0.018169,-0.0025501,0.00094724
49.8,-0.017916,2.6423e-05,0.019747,0.020624,0.0040707,-0.00061861
49.9,-0.012994,-0.00016236,0.020376,0.0074462,0.0026456,0.00018699
50,0.0044771,0.00019061,-0.013133,-0.00091219,-0.00065533,0.0001199
50.1,-0.000563,8.053e-05,-0.0017795,0.0060254,0.00063414,0.00097393
50.2,0.00022401,-6.6232e-05,-0.0016681,-0.0043394,0.00067994,-0.00025988
50.3,-0.0019314,-0.00071085,0.0076972,0.0024747,-0.00031889,-0.00025736
50.4,0.00061757,-0.00026596,-0.0025447,-0.00027993,0.00081888,-0.00048066
50.5,0.00080931,-0.00027004,-0.0024699,0.0016786,0.000608,-7.4524e-05
50.6,0.00099593,-0.00023862,-0.0022376,-0.0017607,-0.00012519,0.00024935
50.7,0.001096,-0.00020701,-0.0018866,-0.00041762,0.0010048,-6.9438e-05
50.8,0.0014938,-0.00014107,-0.0015593,-0.00051022,-3.3393e-05,6.6713e-05
50.9,0.0019221,-0.00022387,-0.0014497,-0.0021717,-0.00040066,0.00032916
51,0.0021216,-0.00052429,0.0053258,0.0076535,-4.7365e-06,0.00027507
51.1,0.0028149,-0.00036601,-0.0014487,0.0074887,0.00070144,0.0022695
51.2,0.0023973,0.0012315,-0.05694,-0.03866,-0.0031502,-0.0072586
51.3,0.0072975,-0.0029791,0.047251,0.019336,0.0025966,0.0039142
51.4,0.0044295,-0.00097753,0.0029642,-0.0012211,-0.00011114,0.00079496
51.5,0.0033204,-0.00014121,-0.0069449,-0.0043585,-0.00079512,-0.00065154
51.6,0.0040999,-0.00082082,-0.0019115,0.0049154,-5.4774e-05,0.00088057
51.7,0.0044477,-0.0010632,-0.0019789,0.0010404,-0.0010151,0.00048847
51.8,0.0047521,-0.0012449,-0.0020322,0.0026127,-0.00024832,0.00025073
51.9,0.0047202,-0.0013219,-0.0023154,0.00082813,-0.00019489,0.00012283
52,0.0044732,-0.001626,-0.0020039,-0.0035909,-0.0008062,-0.00035752
52.1,0.0065655,-0.0006877,-0.0033509,0.0024595,0.0012822,0.00074538
52.2,0.0059679,-0.001622,-0.0017635,0.0011545,-0.00085439,-0.000657
52.3,0.0022628,-0.0013978,-0.0041682,0.0040877,-0.00041594,-0.00098754
52.4,0.0049547,-0.0010876,-0.0030947,-0.0050727,-7.9686e-05,0.00041512
52.5,0.0083137,-0.0014242,-0.0014785,-0.0051732,-0.0010088,0.00045945
52.6,0.0021759,-0.00047868,-0.0057527,0.002328,0.00024439,0.00049126
52.7,0.005103,-0.00074556,-0.0040886,-0.0023942,-0.00012792,-0.00063021
52.8,0.0003995,-9.1781e-05,-0.0070934,0.0024965,-0.00019365,-0.00084616
52.9,0.0098467,-0.0013994,-0.0014783,0.0036631,0.00050098,-0.0014416
53,-0.0009848,-0.00065022,-0.0068347,0.0010372,-0.0011632,0.00037295
53.1,0.010079,-0.0016326,-0.00040905,-0.0055766,0.00043846,0.00085159
53.2,0.0043073,-0.00088413,-0.0034582,0.00042928,0.00038228,-0.00038617
53.3,0.0042869,-0.00072947,-0.0030837,-0.00089618,0.00047493,-0.00021601
53.4,0.07014,-0.006486,0.022106,-0.026679,-0.0070281,0.0068313
53.5,-0.094082,0.0081743,-0.033108,0.037797,0.0030987,-0.006084
53.6,0.035685,-0.0030906,0.006094,-0.014599,0.0026179,0.0012024
53.7,0.0040362,-0.00039376,-0.002401,0.00024754,-0.00042604,-0.00023297
53.8,-0.0051613,0.00077195,-0.0030456,0.0020593,-0.00021306,-0.00016859
53.9,0.012383,-0.0003817,-0.0012536,-0.0017387,0.00021469,0.00065009
54,0.0031171,0.0004268,-0.0018648,0.0022088,-0.00081054,-0.0007474
54.1,0.0027931,0.00047112,-0.0012775,-0.0018451,0.0012228,0.001168
54.2,-0.018042,0.0017029,0.0013631,0.0035085,0.00029809,0.001742
54.3,0.023332,-0.00045742,-0.0041368,-0.0058999,-0.0013405,-0.0016029
54.4,0.0024352,0.0010505,-0.0014367,0.0010484,0.00050503,-4.8349e-05
54.5,0.0023042,0.00096104,-0.0010841,-0.00052592,-0.00021353,0.00032904
54.6,0.0021264,0.0010285,-0.0011035,6.7046e-05,-0.00093837,-0.00029948
54.7,-0.0085413,0.001486,0.0029494,0.0035765,-0.0011538,0.00047097
54.8,0.011927,0.00082477,-0.0043981,-0.0045063,0.00075475,0.00046416
54.9,-0.0095343,0.0016346,0.0044293,0.0028248,-0.00043544,0.00066082
55,0.01116,0.00078432,-0.0050377,-0.0021641,0.0014157,0.00013708
55.1,-0.010233,0.0014083,0.0055024,0.0035233,0.00059603,0.00071085
55.2,0.021834,0.00045575,-0.011742,-0.0067129,-4.4306e-05,-0.00064494
55.3,-0.01044,0.001563,0.0060799,0.0027462,0.00029109,2.8235e-05
55.4,0.00014412,0.0014483,0.00021603,-0.00036964,0.00063675,0.00043069
55.5,0.00027133,0.0014925,0.00044795,0.00099274,0.00060515,0.00012938
55.6,0.00051018,0.0014905,0.00085982,0.00081417,0.00017838,0.00017795
55.7,0.011128,0.0015851,-0.006705,-0.0032217,0.00016125,0.00036323
55.8,-0.0099028,0.0021363,0.0093165,0.001704,0.0003825,0.00011192
55.9,0.00067838,0.001732,0.0012041,0.0035475,0.00048141,0.00071305
56,0.0012196,0.0016907,0.0017326,-0.0022011,-2.5428e-05,0.00051124
56.1,0.011123,0.0016527,-0.00808,-0.00057269,-0.00027438,0.001005
56.2,-0.0081109,0.0015658,0.010896,0.00067129,0.00042691,-8.8467e-05
56.3,0.0020682,0.0019252,0.001115,-0.00021687,-0.00051385,-0.00022084
56.4,-0.014983,0.001708,0.020701,0.0051459,0.00031523,0.00041652
56.5,0.020002,0.0018895,-0.019154,-0.005596,-0.0018718,-0.00044705
56.6,0.0025141,0.0017938,0.00057665,-0.00055077,-0.00056591,-0.00021233
56.7,0.0022997,0.0019005,0.00048559,-0.00035031,0.00012535,0.00038652
56.8,0.0090732,0.0017009,-0.0096488,-0.002683,0.00072549,0.00024197
56.9,-0.0053038,0.0018018,0.010469,0.0025515,-9.1671e-05,0.00053339
57,0.0017694,0.0016923,0.00036132,-0.00015034,0.00021615,0.0005218
57.1,0.0016795,0.0015394,0.00032341,-0.0023823,0.00049124,-2.3732e-05
57.2,0.0014963,0.0013957,0.00010066,0.003659,0.0010272,0.0015702
57.3,0.0020747,0.00098778,0.00010722,0.00080371,0.00048415,-0.00026223
57.4,-0.0033364,0.00059036,0.009534,0.00014937,0.0010418,-3.8468e-06
57.5,0.0078705,0.00071681,-0.0099231,-0.0024117,-0.00086027,-0.00039557
57.6,0.0023994,0.00041872,-0.00050354,-0.0010743,-0.00073528,3.0203e-05
57.7,0.0025029,0.00035055,-0.00060258,0.00034151,-0.00022077,2.5996e-05
57.8,0.002616,0.0002414,-0.00027716,0.00014775,-0.00076059,-1.2296e-05
57.9,0.0024078,0.00025495,-0.00026985,0.00038478,-0.0011514,7.21e-05
58,-0.0014228,2.8601e-05,0.0076408,0.0032025,4.1243e-05,-4.4275e-05
58.1,0.018785,0.0010313,-0.039167,-0.0084803,0.0010236,3.2632e-05
58.2,-0.0019494,-0.0006711,0.0082528,0.00054412,7.6441e-05,-0.00059243
58.3,-0.0074622,-0.0010324,0.021975,0.005788,0.00057899,0.0015963
58.4,-0.00080775,-0.00041111,0.0061681,-0.00066643,1.9966e-05,6.5205e-05
58.5,-0.00056958,-0.00026837,0.0052267,0.00028962,0.00036941,0.0010328
58.6,0.0066736,-0.0003042,-0.013316,-0.0022819,-0.00087951,-0.0012851
58.7,0.0013986,-0.00036799,-0.00084964,-0.00044996,1.9897e-05,-0.00062743
58.8,0.0011426,-0.00035333,-0.00070591,1.8873e-05,-0.00013054,9.5749e-05
58.9,0.0011341,-0.00034948,-0.00056709,-0.00024039,0.00039368,0.00016943
59,0.001207,-0.00039955,-0.00043864,7.8212e-05,2.3619e-05,0.00046515
59.1,0.0028289,-0.00043788,-0.0033895,-0.0011051,-6.8802e-05,-0.0011439
59.2,-0.00063671,-1.0275e-05,0.0027899,0.00032863,-0.0006971,-0.00072578
59.3,0.0005037,-6.3129e-05,-0.00018064,-0.0001351,3.5495e-06,0.00030409
59.4,8.2205e-05,8.4759e-05,-9.5127e-05,-0.00031903,-0.00014709,0.00013529
59.5,0.001628,-0.00040401,-0.00082265,-0.00040336,0.0011433,0.00054269
59.6,-0.0026593,-0.0002091,0.00057278,0.00048237,-0.00014514,0.0020769
59.7,-0.022305,-2.2259e-05,-0.0055079,0.0010863,0.0026095,0.010467
59.8,0.023374,-0.0010603,0.0052287,-0.0015837,-0.0022931,-0.010599
59.9,0.0023506,-0.0006035,0.0013323,0.00025908,-0.00030093,-0.0035986
60,-0.0072301,-0.00053368,-0.0052586,-2.7324e-05,0.0011493,0.0021286
60.1,-0.0011625,-0.000616,-0.001883,-6.5733e-05,0.00017806,-0.0015073
60.2,0.0023185,-0.00082992,0.0031841,0.00012089,-0.00068652,-9.1313e-05
60.3,0.005624,-0.00089817,0.010917,0.00052039,-0.0002792,0.0019151
60.4,-0.032816,0.0012469,-0.05789,-0.0051082,-0.0013355,-0.0080874
60.5,0.029689,-0.0029763,0.061089,0.0066972,0.0027664,0.0078008
60.6,-0.0085955,0.00013379,-0.013161,0.00021899,-0.00060468,0.00062215
60.7,-0.005407,9.158e-05,-0.0069526,-0.00052553,-0.00021329,-0.0016677
60.8,-0.0020959,-0.0003535,0.00083044,-0.0010153,-9.4083e-05,-0.00070122
60.9,-0.0023397,-0.00033083,0.0008995,-0.00060972,-4.853e-05,2.2947e-05
61,0.0012479,-0.0008266,0.0095212,0.00010196,0.00043487,0.00024168
61.1,-0.0060629,0.00030817,-0.007734,8.1075e-05,0.00037761,0.00026659
61.2,-0.0024489,-0.00010615,0.00078636,0.00046731,0.0003491,0.00035645
61.3,-0.010069,0.001431,-0.017848,-0.0029503,0.0011242,0.0019615
61.4,-0.0097047,0.0017802,-0.019931,-0.0070397,0.00057506,0.0045769
61.5,0.013413,-0.0033398,0.039173,0.0096114,-0.0012209,-0.0062183
61.6,-0.002127,-0.00037285,-0.00031283,0.00064116,-0.00010804,-0.00091439
61.7,-0.0019824,-0.00055441,-0.00052834,-0.00064309,0.00014365,-0.00062735
61.8,-0.0017996,-0.0007489,-0.00052839,0.00072892,-0.00028308,-0.00043378
61.9,-0.001657,-0.00076996,-0.00035296,-0.00027006,1.7584e-05,0.00054945
62,-0.0014439,-0.00059008,-0.00026658,-0.0021607,-7.3631e-05,-1.5949e-05
62.1,0.0052416,-0.0026254,0.040491,0.01274,0.00093382,0.0023255
62.2,-0.0071931,0.0013286,-0.041216,-0.0076737,-0.0012638,-0.0034889
62.3,-0.0023751,-5.1965e-05,-0.014542,-0.0052204,-0.00074612,-0.0017833
62.4,-0.001059,-0.00017249,-0.014578,-0.0014097,0.00059572,0.00058446
62.5,0.00014636,-0.0011435,0.029624,0.0084462,0.00019779,0.0012307
62.6,-0.0016038,-0.000838,0.015247,-0.0016576,-0.00023878,-0.00012078
62.7,-0.0018072,-0.0011494,0.015209,0.00032455,-8.2684e-05,-6.6167e-05
62.8,0.0007181,0.0006539,-0.028977,-0.0051387,-0.00042995,-0.00028011
62.9,0.0023032,0.00092048,-0.028835,-0.0077843,-0.00084838,-0.0012204
63,-0.0033281,-0.0019373,0.030348,0.012636,0.0010999,0.0011943
63.1,-0.0013662,-0.00066416,0.00084338,-0.0025828,0.00049514,0.00018719
63.2,-0.0034446,-0.0010869,0.01554,0.0041362,-0.00029458,-0.00034685
63.3,-0.0041801,-0.00090058,0.015425,0.0019453,-0.00027199,8.9534e-05
63.4,0.0051904,0.00040337,-0.027434,-0.0075318,-0.00023891,-0.002024
63.5,-0.0080157,-0.0010729,0.029551,0.013916,-0.00073508,0.0022432
63.6,0.0061022,0.00027782,-0.02642,-0.010634,0.00068367,-0.00048577
63.7,-0.00087728,-0.00040564,0.0017044,-0.0010206,-0.00059787,-0.00011982
63.8,-0.00081457,-0.00058463,0.0017817,-0.0018735,0.00012882,0.0002686
63.9,0.0048482,-0.00061094,-0.010663,-0.0050328,0.00070291,3.5751e-06
64,-0.012295,-0.00046973,0.026646,0.0093588,-0.00021529,-0.00040835
64.1,0.0051812,-0.00043474,-0.010332,-0.0016938,0.00093277,9.1374e-05
64.2,-0.0011097,-0.00046809,0.0016643,0.0016431,1.8788e-05,-0.00015012
64.3,-0.0090143,-0.00039836,0.012631,0.0074426,-0.00053662,3.6906e-05
64.4,-0.010475,-0.00055271,0.011594,0.0058251,0.0001589,0.00049693
64.5,-0.0030434,-0.00079505,0.00035694,-0.0031978,0.00010395,-0.00083441
64.6,0.015699,-0.0012296,-0.0181,-0.007864,-5.108e-05,-0.00080576
64.7,-0.0018738,-0.00081453,0.0018337,-0.005951,-0.0002401,-0.00047658
64.8,-0.0016837,-0.00088434,0.0025514,0.0026511,0.00053133,-0.00044259
64.9,-0.01227,-0.00067255,0.0098514,0.0081824,-0.00051211,0.0013126
65,-0.013264,-0.00052217,0.0079467,0.0036173,-0.00087688,-0.00022906
65.1,0.0080287,-0.00068828,-0.0051802,-0.006242,0.0017952,-0.00068664
65.2,0.043719,0.00079716,-0.017072,-0.016668,-0.0025428,0.003373
65.3,-0.047972,-0.0018963,0.021682,0.01384,0.003526,-0.0026381
65.4,0.021592,8.7535e-05,-0.004789,-0.0017951,-0.0018187,-0.00038629
65.5,-0.014398,-0.00069989,0.0054602,0.0029716,0.00022694,-0.0009219
65.6,0.0091854,-0.00017295,-0.00019538,-0.0091115,-0.0024119,-0.00021399
65.7,-0.026512,-0.0011424,0.0071068,0.0083932,0.0017554,0.00063568
65.8,0.0083864,-0.00055009,0.0011834,-0.0050316,-0.0014729,0.00093852
65.9,0.01824,-0.00076454,0.0015276,-0.0098157,-0.00087411,0.0029278
66,-0.02523,-0.00078619,0.0040451,0.0098033,0.0015084,-0.0021644
66.1,0.0062539,-0.0011355,0.0019746,-0.0019237,-0.00017319,-0.002265
66.2,-0.013539,-0.00063215,0.0021124,0.0045902,0.00040059,-0.00097515
66.3,-0.0038317,-0.00048094,0.0018964,-0.00023242,-0.00022983,-0.00083464
66.4,-0.012132,9.0793e-05,0.0016158,0.0059889,0.00047768,0.001857
66.5,0.0042342,-0.00014991,0.0023359,-0.0043742,0.00049794,-0.00014465
66.6,-0.0038354,0.00035943,0.0017252,-0.00020369,0.00021052,0.00058136
66.7,-0.017099,0.00062092,-0.00056449,0.0067578,0.00036185,-0.0011586
66.8,0.0092428,0.00025715,0.0036709,-0.0057663,0.00017914,0.0011497
66.9,-0.0038865,0.00019776,0.00096819,0.0018901,0.00067004,-0.00076213
67,0.0058524,-0.00023755,0.0022403,-0.0099987,-0.0013553,0.00080676
67.1,-0.00085639,-0.00010158,0.00044235,-0.007756,-0.0031539,-0.0020291
67.2,-0.019758,0.0019702,-0.00091682,0.013254,0.0039427,0.00043458
67.3,4.4531e-05,4.8503e-05,0.0010328,0.00028433,-0.00035508,-1.749e-05
67.4,-0.0036189,0.00075336,0.00075775,0.0043736,0.00047228,0.00035508
67.5,-0.0010882,-0.00017491,-0.00072769,-0.00080989,0.001065,0.00021089
67.6,-0.0065092,0.0023946,0.0031954,0.0064394,-0.0011493,0.0006305
67.7,-0.0026721,0.00090119,0.0010419,-9.439e-06,-0.00014503,0.00023687
67.8,-0.0036618,0.00075484,-0.00095968,-2.7801e-05,-0.00017815,0.00029872
67.9,0.0026023,0.0017737,0.0092738,0.0056737,-0.00077129,0.0014289
68,-0.0113,0.00015431,-0.010757,-0.012927,0.0062605,-0.0045735
68.1,-0.00024448,0.0010961,0.0034113,0.0026484,-0.0014605,0.0018657
68.2,-0.0022352,0.0012897,0.0008388,0.0008571,0.00099377,0.00024685
68.3,-0.0050618,0.0014171,-0.0024656,-0.0073552,0.0014902,0.00087142
68.4,0.0054778,0.00073337,0.0077417,0.0074514,-0.001815,-0.00062069
68.5,-0.0069286,0.0017569,-0.0069368,-0.00053635,0.00055479,0.000235
68.6,0.0062539,0.00019491,0.0090926,-0.0021397,-0.00056997,-0.00026618
68.7,-0.0057546,0.0015732,-0.0084411,-0.005273,-0.00042497,0.0010993
68.8,0.0037498,0.00054473,0.0052453,0.0070433,0.00022443,-0.0006733
68.9,0.0036263,0.00039677,0.0060924,0.00061252,-0.00018537,-3.5639e-05
69,-0.0017432,0.0010199,-0.0047231,-0.0082029,-0.00046868,0.00045648
69.1,-0.0009687,0.0012369,-0.005677,0.0045937,-0.00027369,-0.00033446
69.2,-0.00081564,0.001237,-0.0061159,-0.012214,-0.0010815,0.0018825
69.3,0.006118,-0.0002111,0.013719,0.011119,0.00065436,-0.0011304
69.4,0.0014405,0.00049821,0.00065379,0.0010764,0.00032244,-0.00053568
69.5,0.0016061,0.00057831,0.00057774,3.6411e-05,-0.00028579,0.00024901
69.6,0.0018736,0.00080958,0.0005902,-0.00026899,-0.00055148,0.00060954
69.7,0.0018742,0.00096576,0.00064263,-0.0014058,-0.00081021,0.0008829
69.8,0.0061407,-0.0051021,0.074427,0.017935,0.00037963,-0.0072237
69.9,0.00040003,0.0084578,-0.083999,-0.026668,-0.0016132,0.0090353
70,0.0025639,2.0961e-05,0.01036,0.0048213,-0.00038064,-0.0040178
70.1,0.002785,0.00070986,0.00024375,0.0023912,-5.9851e-05,-0.0012517
70.2,0.0023548,0.00082899,0.00057964,-0.0027802,-0.00024519,-0.0029022
70.3,-0.0022673,-0.0012103,0.026569,0.008723,-0.00015426,0.0047553
70.4,-0.0022149,-0.00022097,0.014923,0.0020641,0.00161,0.0016999
70.5,0.015135,0.0019618,-0.049449,-0.0059521,-0.0034753,-0.0034742
70.6,-0.0031052,-0.00025758,0.014997,0.0025272,0.0015776,0.0019101
70.7,0.00046276,0.00017045,0.0021437,-0.0042732,-0.00031833,-0.00039659
70.8,0.00060564,8.3465e-05,0.0024019,-0.001899,0.00019505,-0.00019198
70.9,0.00071333,0.00011812,0.0025624,0.0010681,0.00058873,0.00058173
71,0.00052444,0.00015501,0.0024525,0.0016577,0.00011598,7.9756e-05
71.1,0.012176,0.0004371,-0.020253,-0.0046177,-0.00060613,0.00032883
71.2,-0.017892,-0.00015996,0.035958,0.008855,0.00093555,-0.0010111
71.3,-0.019319,-0.00010927,0.03468,0.0039963,-0.00015295,0.00025111
71.4,0.025728,0.00061227,-0.041408,-0.0053599,0.00086428,1.1777e-06
71.5,0.006795,0.00057659,-0.0087439,-0.0083156,0.0023,0.0007953
71.6,0.023342,0.0017302,-0.028206,-0.0043098,-0.0040424,0.00020951
71.7,-0.013913,-0.000157,0.022544,0.0054995,-0.0022302,-0.0020454
71.8,-0.0076597,-0.00034125,0.012076,-0.0018943,0.0013371,-0.0014013
71.9,-0.016109,-0.00038621,0.021454,0.0065685,0.0015463,0.001963
72,0.007549,-0.00017668,-0.007433,-0.0011419,-0.00013219,1.1428e-05
72.1,-0.00066229,-0.00012278,0.001826,-0.00030695,-0.00022982,0.00034712
72.2,-0.00080261,4.5544e-05,0.0015797,7.1058e-05,0.00025017,0.00053797
72.3,0.0075319,0.0002908,-0.0066522,-0.0014688,-0.00064896,0.00059359
72.4,0.0075287,0.00050326,-0.0063753,-0.0019936,0.0036079,0.00048814
72.5,-0.016972,-8.7256e-05,0.016572,0.005318,-0.001448,-0.0014119
72.6,-0.00055084,0.00026788,0.00074949,2.6567e-05,-0.00058443,3.5611e-05
72.7,-0.00047681,0.00011497,0.00045688,-0.00070533,-7.218e-05,3.4655e-05
72.8,-0.00029882,0.00019146,0.00037653,-0.00024505,-7.7601e-05,-0.00068252
72.9,-0.017136,-0.00096191,0.014951,0.0039841,0.00038372,0.0009839
73,0.017133,0.0009821,-0.014214,-0.0045434,-0.0001528,-0.0015027
73.1,0.00025678,-1.0863e-05,0.00052867,0.00058631,0.00033186,0.00010863
73.2,0.0004392,-7.2292e-06,0.0005844,-0.0012554,-0.0008167,-0.0017004
73.3,0.00053439,-0.00020898,0.00097398,0.00098962,-0.00070703,0.0015633
73.4,0.00045397,-0.0001285,0.0010018,-0.00066713,-0.00018864,-0.00017784
73.5,0.00924,-0.00035339,-0.0037194,-0.0016933,-0.00055097,0.0012257
73.6,-0.0085544,0.00027238,0.0060026,0.0018082,0.00094741,0.00074126
73.7,0.00014516,-5.9512e-05,0.00077059,-5.2502e-05,-0.00019676,0.000395
73.8,-0.00014782,-7.6634e-05,0.00062017,5.5199e-05,9.87e-05,-0.0005964
73.9,0.0072302,-0.00067276,-0.0025574,-0.001518,-0.00069008,0.00022771
74,-0.0010647,1.4345e-05,0.00066054,-0.0016349,-0.00035585,0.0020992
74.1,-0.014256,0.0011931,0.0058373,0.0049119,0.0014331,-0.0026673
74.2,0.017828,-0.0016518,-0.0079127,-0.0020365,0.00037978,-0.00039646
74.3,0.0035812,-0.00063347,-0.0025358,-0.0035146,-0.00052577,-0.00021852
74.4,-0.035926,0.0032109,0.017674,0.011622,0.00044948,0.003625
74.5,0.014877,-0.0013425,-0.0075038,-0.0078163,0.00071671,-0.0039935
74.6,-0.011533,0.00089514,0.006837,0.0033411,-0.00063383,0.00097173
74.7,0.015187,-0.0011784,-0.0087294,-0.00356,0.00052472,-0.00044642
74.8,0.0022858,-0.00012569,-0.0019475,-0.001115,-0.00025985,0.001805
74.9,-0.0077734,0.00028375,0.005829,0.0039231,0.00017409,-0.0037733
75,0.0094223,3.3315e-05,-0.010739,-0.0082769,-0.0036255,0.0060256
75.1,-0.0075745,-0.00048642,0.010758,0.0065031,0.0049272,-0.0039151
75.2,0.0019227,-4.8646e-05,-0.0051276,-0.0029305,-0.0022251,-0.0013486
75.3,-0.00064816,-0.00023239,-0.00016682,0.0015037,8.07e-05,0.00043587
75.4,-0.00073341,-0.00031626,3.5335e-05,0.00053663,0.0015031,-2.3086e-05
75.5,-0.00052487,-0.00022786,0.00010991,0.00014446,-0.00052648,-0.00014009
75.6,0.0018659,-0.00018593,0.0031084,0.0009271,-0.00026065,0.00078757
75.7,-0.0025332,0.00010446,-0.0026079,8.7862e-05,-0.00047966,0.00015707
75.8,0.0030221,2.0767e-05,0.0031496,0.00096753,0.00012077,-0.00072956
75.9,-0.012893,0.00124,-0.0083361,-0.0051993,-0.0032312,0.0045488
76,0.0076692,-0.00057605,0.0057522,0.002512,0.00088389,-0.0025588
76.1,-0.0012163,0.00037642,-0.00022163,0.0011907,0.0025522,-0.00065803
76.2,0.018452,-0.0018354,0.0099126,0.0013738,-0.0031885,-0.00053497
76.3,-0.0062925,0.00064121,-0.0030709,-0.0014062,0.0023934,9.884e-05
76.4,-0.015494,0.0011669,-0.0073051,0.0011581,0.0012323,1.6131e-05
76.5,-0.00080149,-0.00011279,-0.00018878,3.3279e-05,0.00026302,0.00030831
76.6,-0.00051242,-0.00011648,-0.00025307,0.00037288,9.4964e-05,-5.4637e-05
76.7,-0.046292,0.0028736,-0.021738,-0.00017276,0.0032326,0.00020905
76.8,0.045729,-0.0033369,0.021497,0.00079623,-0.0040887,0.00015136
76.9,-0.00018192,0.00021446,0.00018825,-0.0019369,0.00056435,-0.0020287
77,8.1531e-05,-3.8684e-05,0.00039323,0.0015773,-3.8215e-05,0.0011346
77.1,0.019728,-0.0013214,0.0099735,-0.00072597,-0.00044968,0.0015681
77.2,-0.019327,0.001386,-0.0082887,0.0010093,-0.00083495,-0.000837
77.3,0.01042,-0.00080878,0.005016,-0.00071784,0.00080657,1.126e-05
77.4,0.011122,-0.0010336,0.0046087,-0.00096652,0.00030598,-0.00022737
77.5,-0.019995,0.0015769,-0.0082451,0.0016013,-0.0016344,0.00078853
77.6,0.00037381,4.8984e-05,7.0738e-05,-0.00033491,-0.00045851,0.00029287
77.7,-0.011352,0.0010565,-0.0041263,0.00094233,-0.0015316,0.00070267
77.8,-0.00074928,-0.00011763,-6.3809e-05,-0.00047308,0.0018498,0.0002792
77.9,0.11219,-0.0089042,0.03684,-0.0086243,0.0046687,-0.0043556
78,-0.087863,0.0055556,-0.028489,0.0066701,-0.00080153,0.0020898
78.1,0.014319,-0.001201,0.0037387,2.489e-05,-0.00066104,6.6683e-05
78.2,-0.027941,0.00065775,-0.0081846,0.0026247,0.0025702,-0.0015755
78.3,0.00047158,-0.00091855,0.00032831,-0.00089281,0.00057247,-0.0017254
78.4,0.090026,-0.0020986,0.023567,-0.0083741,-0.0072676,0.0041066
78.5,-0.072588,0.00025232,-0.018079,0.0074515,0.0040216,-0.0022089
78.6,0.0017868,-0.00045125,0.00083678,0.00054216,-0.00087819,0.00095278
78.7,0.046412,-0.00075642,0.009386,-0.0050363,0.0002244,-0.00013498
78.8,-0.058016,0.0009356,-0.009867,0.0060507,-0.0019298,0.0015042
78.9,0.0013754,-0.00015112,0.00082166,0.00089815,0.00018973,-0.00026258
79,0.016555,-0.00061514,0.0028,-0.0015319,0.00021354,-0.00085325
79.1,-0.013647,0.00028177,-0.0010489,0.0012998,-0.00010755,0.00059956
79.2,0.031959,-0.0013763,0.0038398,-0.0029826,-0.00035529,-0.00048668
79.3,-0.029535,0.0011161,-0.0021861,0.0036217,0.0010894,-0.00047008
79.4,0.00117,-0.0003147,0.00084898,-1.2898e-05,6.3976e-06,-0.00021759
79.5,0.016629,-0.00077007,0.0017674,-0.0018066,-0.00026203,0.00020111
79.6,0.0013982,-0.00026844,0.00056013,-4.7855e-05,-6.0494e-06,-0.00053946
79.7,0.016673,-0.00028025,0.00082711,-0.0021397,-0.00018609,-0.00063819
79.8,-0.013417,8.8068e-05,0.00076493,0.0019599,0.00020394,-7.3058e-05
79.9,-0.042041,-0.00014871,0.0037304,0.00577,6.9599e-05,0.00095542
80,0.059383,7.4263e-05,-0.0029425,-0.0078287,-0.00035353,-0.00044791
80.1,0.057451,0.00039483,-0.0057494,-0.0080505,0.0010463,-0.0041568
80.2,-0.096081,-0.0011053,0.013581,0.013855,-0.0013828,0.0053725
80.3,0.055416,0.00037951,-0.0078523,-0.0079472,0.00044319,-0.002354
80.4,0.00061365,-0.00017971,-2.7572e-05,-0.00022043,0.00043021,0.00032644
80.5,0.065575,0.0009203,-0.011621,-0.0098825,0.0001612,3.561e-06
80.6,-0.20206,-0.0028287,0.043373,0.034395,-0.00057235,-0.0028927
80.7,0.11399,0.0014449,-0.021456,-0.019448,0.00016332,0.0034482
80.8,0.12413,0.00091778,-0.025002,-0.020242,-0.00057432,0.0046785
80.9,-0.1217,-0.00051693,0.028063,0.020896,0.0011483,-0.0063593
81,0.0012748,0.00043759,0.00074026,-0.00084943,-6.1375e-05,0.0015076
81.1,0.058505,-0.00034887,-0.015925,-0.0096382,-0.0025238,0.0018465
81.2,-0.011384,0.00073556,0.0028811,0.0014711,-0.00033417,-0.00044565
81.3,-0.00016746,0.00054214,-0.00043551,0.00081427,0.0015509,-0.00046882
81.4,-0.070239,-0.0010722,0.031909,0.011505,0.002735,-0.0011739
81.5,0.031584,0.00062002,-0.012615,-0.0052884,-0.0029124,0.0013462
81.6,0.010539,0.00029155,-0.0042595,-0.00094185,-0.00011734,0.00039939
81.7,0.026215,0.0011355,-0.015901,-0.0040533,0.001886,-0.001178
81.8,-0.03956,-0.0025965,0.028206,0.010052,-0.0014524,0.0063337
81.9,0.0091839,3.2215e-05,-0.0059298,-0.0026842,0.00044154,-0.0036551
82,0.0013436,-0.00031525,-0.00071996,-0.00042606,0.00033397,-0.0013551
82.1,-0.0044124,-0.00089742,0.0046785,-0.0021214,0.00020559,-0.00076936
82.2,0.0019205,-0.00013637,-0.0012722,0.00025662,-5.5453e-06,-0.00071879
82.3,0.0020554,3.5459e-05,-0.0010891,-0.0011042,0.00021695,-0.00015307
82.4,0.0052947,0.00046593,-0.00663,-1.3245e-05,-0.00057325,0.00018318
82.5,-0.0013609,-0.00022817,0.0046246,0.00098172,0.0014373,-0.00035495
82.6,0.0051691,3.0194e-05,-0.011921,-0.003435,-0.0012104,-0.00032212
82.7,-0.0016169,-3.9953e-05,0.016249,0.00058999,-0.00147,-0.00024084
82.8,0.001909,-0.00027745,-0.022702,-0.0025654,0.0028405,-0.0017557
82.9,0.0011032,-8.3865e-06,0.010631,0.0034309,-0.0017689,0.002591
83,0.0027025,-3.6953e-05,0.0045457,0.0015922,0.00020702,0.00078333
83.1,-0.00044833,-0.00049507,-0.0053573,-0.0012802,-0.00032479,-0.00075788
83.2,-0.00457,-0.00066031,-0.0089873,-0.00046888,-0.0011354,0.00069475
83.3,0.014868,0.0020257,0.016628,0.0015725,0.0019363,-0.0032801
83.4,-0.024372,-0.0034358,-0.023821,-0.0052665,-0.0015441,0.0043186
83.5,0.024358,0.0029347,0.019646,0.0045887,0.001369,-0.0010247
83.6,-0.0041551,-0.00097477,-0.0038228,-0.0012654,-0.00042396,-0.00056123
83.7,0.0084892,0.00035551,0.0033712,0.00010073,0.00016684,-0.00065503
83.8,0.0021195,-0.00048797,-0.00024299,0.00052649,-0.0020348,-0.00079601
83.9,-0.0066123,-0.0012537,-0.0035426,-0.0013285,0.0019136,0.0011888
84,0.010054,1.7005e-05,0.003352,-0.00097429,-0.00080776,0.00049116
84.1,0.001138,-0.00065092,-2.2193e-05,0.00052277,0.00036035,0.00027561
84.2,0.010847,-0.00018019,0.0031247,0.00017909,0.00021092,0.001607
84.3,-0.018769,-0.0017551,-0.0069132,0.00029378,0.00014592,-0.001867
84.4,0.011124,-0.00012707,0.0027652,-0.0011239,-0.00071008,-0.0004636
84.5,-0.009633,-0.001063,-0.0033943,0.0003457,0.00062836,-0.00022318
84.6,0.011463,0.00038602,0.0025444,-0.00087905,0.0004465,-0.0010574
84.7,-0.010074,-0.000806,-0.0032126,0.0006034,-0.00037573,0.00091701
84.8,0.011904,0.00069776,0.0027308,-0.001345,-2.2605e-05,-0.00051885
84.9,-0.022198,-0.0017215,-0.0060926,0.0021689,0.00045769,0.00067617
85,0.024015,0.00111,0.0063238,-0.0025774,-0.0014545,0.00013075
85.1,-0.023409,-0.0012462,-0.0069414,0.0022989,0.0014909,-0.00027719
85.2,-0.083668,-0.0028288,-0.025041,0.0091843,0.0032588,-0.0032774
85.3,0.13136,0.0036648,0.041074,-0.015198,-0.0032036,0.0038699
85.4,0.012142,-0.00046362,0.003822,-0.0031371,-0.0026999,-0.00014128
85.5,-0.10862,-0.0023147,-0.035696,0.01477,0.0052628,-0.00098073
85.6,0.071215,-0.00066311,0.024308,-0.010086,-0.0067931,0.00071718
85.7,0.14643,-0.0062968,0.059182,-0.025301,-0.011245,-0.00043519
85.8,-0.10554,0.0010758,-0.039171,0.015655,0.008796,0.00018342
85.9,-0.069061,0.0013307,-0.027081,0.01138,0.0053787,-0.00057638
86,0.019171,-0.0018363,0.0088904,-0.0027172,2.7146e-05,0.00013975
86.1,-0.0026187,-0.00075206,-0.00064595,0.0014741,0.0015266,-0.00015046
86.2,-0.0025861,-0.00061227,-0.00096836,-0.00021082,0.00096167,-0.00012444
86.3,-0.0024519,-0.00049433,-0.0010639,-0.0030475,0.00084507,0.00042899
86.4,0.02371,-0.00082813,0.013862,-0.0061106,0.00063938,0.00019633
86.5,-0.028295,0.00063258,-0.015895,0.0099512,-0.0019256,-0.00084545
86.6,-0.0019643,1.5752e-06,-0.0015985,0.0020803,-0.00010152,-0.00030047
86.7,-0.0018406,-9.0882e-05,-0.0016211,-0.0033035,-0.00032604,0.00015152
86.8,-0.0020734,-3.2552e-05,-0.0014043,0.0013372,0.00029915,-1.3884e-05
86.9,-0.0020729,8.1818e-05,-0.0014489,0.00012405,-3.0972e-05,9.9306e-05
87,-0.0091031,2.4482e-06,-0.0060283,0.0016424,0.00054154,3.2977e-06
87.1,-0.0017927,-7.8245e-06,-0.001346,0.00075359,-0.00012565,-0.00013367
87.2,-0.020725,-0.00051992,-0.014606,0.0066501,0.00061979,0.00039031
87.3,0.022166,0.0004212,0.016234,-0.0052596,-0.00074689,-0.00042266
87.4,-0.0024831,-0.00031919,-0.0018998,-0.0080441,0.0008815,0.0018324
87.5,-0.0079369,-0.00031482,-0.0054791,0.0076632,0.00011416,-0.0021362
87.6,0.0026609,5.3053e-05,0.0020888,-0.0034198,0.00025309,0.0011021
87.7,0.002245,9.2769e-05,0.0014257,-0.0066109,0.00015862,0.0010369
87.8,0.0017592,3.9108e-05,0.00080285,-0.002895,0.00062143,0.0014863
87.9,-0.0066354,0.00030365,-0.0050662,0.011619,0.00035749,-0.0031618
88,-0.005665,0.00049881,-0.0042936,0.0016218,0.0003249,8.1473e-05
88.1,-0.0052876,0.00052046,-0.0032058,0.00129,-0.00022407,-8.9383e-05
88.2,-0.0011537,0.00047265,-0.0011051,0.00017922,0.00031798,4.1583e-05
88.3,-0.0008713,0.00037856,-0.0010365,0.0018355,-2.2162e-05,-0.00038903
88.4,0.013491,0.00030675,-0.0022575,-0.0056242,-9.4329e-05,0.00081095
88.5,0.00055217,0.00080259,-0.0029286,-0.00019957,0.00089729,0.00061678
88.6,0.0062922,0.0011947,-0.0045983,-0.0054746,-0.0010725,0.0017312
88.7,-0.010547,0.00041475,0.0019991,0.0035047,0.00019866,-0.0020573
88.8,0.000468,0.00052292,-0.0015035,-0.005818,-0.00018648,0.00043684
88.9,-0.0060649,0.00038669,0.0029843,0.0042193,-0.00045013,-0.0012533
89,0.00017742,0.00078886,3.7074e-05,0.0021181,0.00047202,0.00044302
89.1,0.0075256,0.0012341,-0.0045956,-0.0049221,-0.0013221,-2.2062e-05
89.2,0.00031709,0.00085098,0.00021474,-0.00058842,0.00067269,0.00091495
89.3,-0.02442,-0.00063044,0.017202,0.012204,0.00072669,-0.0010772
89.4,-0.0011201,0.00050366,0.0013369,-0.00084507,0.00066162,0.0013415
89.5,-0.018729,-0.0008502,0.014174,0.0052835,0.00083085,-0.00080331
89.6,0.025981,0.0028602,-0.018122,-0.0041044,-0.00035649,0.00068278
89.7,-0.020268,-0.0012291,0.015185,0.0039596,0.0002229,0.00037278
89.8,0.028079,0.0031756,-0.021818,-0.011453,-0.0004665,-0.00065458
89.9,-0.00064581,0.00059346,0.00075289,-7.8105e-06,8.7375e-05,-0.00013799
90,0.010169,0.0016334,-0.0075278,-0.0034061,0.00047842,-0.00036385
90.1,-0.011242,-0.00013807,0.0099272,0.0048153,-9.3639e-05,0.0014012
90.2,-0.00042623,0.00095277,0.0012131,0.00040299,-0.00094233,-0.00040608
90.3,-0.012846,-0.00050346,0.010422,0.0028834,-6.2887e-05,0.00071453
90.4,0.0117,0.0015376,-0.0075833,-0.0036641,-0.00028491,-0.0012105
90.5,-0.00072627,0.00047076,0.0016288,0.0011507,-0.00039188,0.00063941
90.6,-0.0010084,0.00045835,0.0016811,0.0013847,0.00016795,0.0015537
90.7,-0.001187,0.00061023,0.0014384,-0.00058273,-9.4803e-05,-9.6905e-05
90.8,-0.030099,-0.00071878,0.016327,0.0047854,0.001168,-9.6256e-05
90.9,-0.0015258,0.00070644,0.00026462,0.001029,-0.001242,-0.00088821
91,0.013191,0.001077,-0.0063074,-0.0043492,0.00077048,0.0011852
91.1,-0.11998,-0.0045019,0.050907,0.020083,-0.0028034,-0.0043907
91.2,0.21124,0.0080974,-0.076723,-0.038703,0.0026068,0.0031522
91.3,-0.03146,-0.0011751,0.012946,0.0085077,0.0015078,0.0006193
91.4,-0.032182,-0.00049513,0.010975,0.0036463,-0.0010148,-0.00048936
91.5,-0.06399,-0.0006532,0.018611,0.011028,0.0019829,0.0011603
91.6,0.046042,0.0013058,-0.012133,-0.0072042,-0.0016249,0.00048354
91.7,-0.0013687,0.00089454,0.00030098,0.00028143,0.00092172,0.00023305
91.8,-0.01695,0.00077649,0.0028203,0.0029337,0.00035131,-0.00018577
91.9,0.014749,0.00097369,-0.0030948,-0.0031658,0.00038356,0.00049661
92,-0.016396,0.00038403,0.0017043,0.0028454,-9.7057e-05,-0.00044373
92.1,-0.00053888,0.00061371,-0.00088346,-0.00065916,0.0002012,8.588e-05
92.2,-0.031949,-6.7947e-05,0.0021165,0.0051903,-0.00021159,0.00077765
92.3,0.047096,0.0023007,-0.0047796,-0.0074821,0.00056648,-0.00096357
92.4,8.2458e-05,0.0009045,-0.00063267,-0.0001654,0.00019838,9.7184e-05
92.5,0.00032254,0.00065333,-0.00063607,-0.00022863,-0.00032296,0.00015432
92.6,-0.015501,5.1357e-05,-0.0011793,0.0025154,0.00041424,0.00077796
92.7,-0.062868,-0.00091447,-0.0046308,0.009707,0.0054801,-0.0012178
92.8,0.094834,0.001407,0.0064551,-0.014917,-0.008304,0.0022408
92.9,-0.015399,2.7407e-05,-0.0024324,0.0018834,0.0013432,0.00014988
93,-0.0145,9.8243e-06,-0.0031851,0.0020999,0.00084092,-0.00094974
93.1,-0.041287,0.0014915,-0.0084205,0.0064874,-0.00044961,-0.00080229
93.2,0.04285,-0.0018266,0.0061341,-0.0070566,-0.00089765,0.00072031
93.3,0.013861,-0.00093614,0.0013624,-0.0025794,-9.3207e-05,0.00065441
93.4,0.00059983,-0.00028454,-0.0014258,0.0010323,-0.0015811,-0.00042767
93.5,0.00050049,-0.00025821,-0.0016515,-0.0015271,-0.00032158,-0.00075894
93.6,0.000393,-0.00038714,-0.0013624,-0.00021562,-0.0010854,3.319e-05
93.7,2.3386e-05,-0.00060595,-0.0012079,-0.00022338,0.00018757,-0.00010817
93.8,-0.022225,-0.00010071,-0.0075621,0.0033629,0.0021105,0.00062709
93.9,0.02145,-0.0009393,0.0056566,-0.0036287,-0.0017384,-0.00032157
94,-0.010533,-0.0003707,-0.0046384,0.0020445,0.00094615,0.00017534
94.1,0.0089662,-0.0010767,0.0025423,-0.0018419,-0.00038456,-7.6209e-05
94.2,-0.009299,-0.00060102,-0.0051481,0.00059667,0.00045212,3.5938e-05
94.3,0.0072974,-0.001517,0.0026228,-0.00095314,-0.00027619,-0.00017312
94.4,-0.0010408,-0.0010435,-0.0014054,-0.00093286,-0.00069254,-9.4209e-05
94.5,-0.0071296,-0.00050054,-0.0055208,0.0018473,0.0012629,-0.000183
94.6,-0.00037731,-0.0010493,-0.0013365,3.9154e-05,0.00026868,-2.7799e-06
94.7,0.0034738,-0.0013647,0.0026903,-0.0012882,-0.00024377,-3.9683e-05
94.8,-0.0016774,-0.00064779,-0.0014331,3.508e-05,0.00085698,-5.7323e-05
94.9,-0.0095768,0.00093342,-0.016615,0.0036542,0.00037249,-0.00048125
95,0.0060055,-0.0018954,0.013584,-0.0046708,-6.8919e-05,-0.00052204
95.1,-0.0014778,-0.0002677,-0.0015331,0.0011401,0.00058017,-0.00014349
95.2,-0.0012414,-0.00032793,-0.0014302,0.00084893,-0.00038269,0.00016825
95.3,0.0012956,-0.00068309,-0.0042335,0.00097052,-0.00014582,0.00022915
95.4,-0.01179,0.0002511,0.011445,-0.0025072,0.006257,-0.00048741
95.5,0.0055811,-0.0011171,-0.0068278,0.0015685,-0.0040185,-0.00050601
95.6,0.0079567,-0.0011374,-0.0060858,0.0010578,-0.0035004,0.00080175
95.7,-0.0034902,0.00015417,0.0027219,-0.00078194,-0.0010379,-0.0012102
95.8,0.00026555,-8.2042e-05,0.00024854,0.00043108,-0.00046633,0.0012719
95.9,2.0348e-06,-0.00014205,0.00042024,0.00022342,0.00046049,0.00069817
96,0.0055141,-0.0011127,-0.0024048,0.00023232,0.00047332,-0.00054355
96.1,0.00037639,-0.00051549,0.00033271,-3.3003e-05,-6.9041e-05,-8.5994e-06
96.2,-0.0061756,0.00051361,0.0027784,7.4253e-05,0.00029115,0.00020919
96.3,0.00018263,-0.00025708,7.0035e-05,7.7472e-05,6.6316e-05,-0.00028343
96.4,0.00020516,-0.00020593,7.3891e-06,-9.1447e-05,-0.00039964,-0.00075693
96.5,0.00012897,-4.1935e-05,6.708e-05,0.00062251,-0.00022715,0.00053108
96.6,-0.00014613,7.3937e-05,0.00021456,3.0119e-05,-0.0003722,-2.9458e-05
96.7,-0.00019503,6.2164e-05,0.00030882,0.00033933,0.0004709,0.00033995
96.8,0.0092898,-0.00065098,-0.001299,-0.00068929,-1.9978e-05,-4.4596e-05
96.9,-0.0092933,0.00010935,0.0024289,0.00073312,0.0019159,-0.00012839
97,0.020529,-0.00034685,-0.003247,-0.0016905,-0.0032758,0.00046039
97.1,-0.009328,3.417e-05,0.0024037,0.00094987,0.0013912,-0.00053412
97.2,-0.0093363,-3.0979e-05,0.0027633,0.0012317,0.00023994,-0.0011115
97.3,0.0006138,0.00018446,0.00097901,-0.00030817,-0.00051706,0.0013143
97.4,-0.009555,0.0001294,0.0035026,0.0010132,-0.00024439,-0.00011721
97.5,0.020414,0.00023568,-0.0049137,-0.0023061,0.00033784,6.0505e-05
97.6,0.010278,0.0002829,-0.0030214,-0.0023067,0.0002862,-0.0015347
97.7,-0.0099603,0.0004086,0.0034342,0.0028332,-0.0002339,0.0014456
97.8,-0.010202,0.00058004,0.0040019,0.0027535,-0.00010549,0.00089796
97.9,-0.00034421,0.00050004,0.00060017,-0.00024136,0.00055071,-0.0005589
98,-0.010549,0.00046032,0.0049153,0.0028093,0.00095877,-0.000557
98.1,0.009862,0.00015607,-0.0034495,-0.0016731,-0.00089271,-5.4181e-05
98.2,-0.00022323,0.00021297,0.0010782,-0.00032988,-0.00019348,-4.7596e-05
98.3,-0.00021639,0.00023579,0.0011924,-0.00010929,4.8203e-05,0.00024021
98.4,-0.00034491,-1.7132e-05,0.0012594,0.00045387,0.00020612,0.00044936
98.5,0.0094275,-0.00031279,-0.0045777,-0.00024993,0.00015836,0.00043682
98.6,-0.0094821,-1.833e-05,0.0069928,0.0010097,0.00028647,0.00018899
98.7,0.00042699,-0.00024014,0.00092673,0.00043861,-0.00019207,0.00022568
98.8,0.00062958,-0.00039915,0.00079343,-0.0010889,-0.00029471,-0.00088909
98.9,0.00046876,-0.00048628,0.00055109,-0.0004739,-0.00078554,-0.0006025
99,0.00036082,-0.00064608,0.00042125,0.00066462,-2.984e-05,0.00022777
99.1,0.0086484,-0.00036394,-0.0063298,-0.0016767,-0.00020687,-0.00019874
99.2,0.016134,-7.7076e-05,-0.012988,-0.0028998,-0.00036839,-0.0004926
99.3,-0.023458,-0.00092703,0.020772,0.0058729,0.00082964,0.00076637
99.4,0.0075881,-0.00015825,-0.0062743,-0.00056907,-0.00050448,0.0001741
99.5,4.5135e-05,-0.00032761,0.000506,-0.0028797,-0.00033569,-0.00086315
99.6,-0.0067988,-0.00021159,0.0067295,0.0022533,-0.00045088,0.00033449
99.7,0.012419,-0.00017129,-0.011906,-0.0046212,-0.00018318,-0.00044748
99.8,-0.00059135,-0.0001824,0.0005988,0.0027636,0.00062727,1.1545e-05
99.9,-0.00031988,-0.00024746,0.00053068,-0.012951,0.00049869,-0.0053377
100,-0.00098307,-0.0001008,0.00020746,0.0098977,-6.7495e-05,0.00399
100.1,-0.0105,7.5859e-05,0.010175,0.0069567,-0.0008121,0.0029718
100.2,-0.033662,0.0014733,0.026406,0.017855,-0.0039061,0.0016232
100.3,0.033426,-0.0023486,-0.026798,-0.012841,0.0038665,-0.003373
100.4,0.018675,-0.0016294,-0.011378,-0.011215,0.0021509,-0.0006064
100.5,-0.005212,-0.00018122,0.0047027,-0.0014443,-0.00081498,0.00093925
100.6,-0.01543,9.9663e-05,0.0060745,0.010306,0.00029619,-0.0018678
100.7,-0.00058784,-0.00064135,6.5552e-05,-0.00076968,-6.4098e-05,0.00101
100.8,0.037087,-0.0011172,-0.0032895,-0.016246,-0.001125,-0.00087642
100.9,-0.025807,-0.00026794,0.0046597,0.010223,0.00052857,0.00078306
101,-0.010438,-0.00042856,0.00014606,0.0042329,0.0001497,0.00049601
101.1,0.00073235,-0.0003148,0.00011479,-0.0012064,0.0003138,-0.00035402
101.2,0.0070574,-0.0005444,0.0017741,-0.0014361,-0.00067369,-0.00029115
101.3,0.013902,-0.00061422,0.0051183,-0.003606,-0.0014015,0.0002174
101.4,0.0020665,-0.0003554,0.0022882,-0.0012852,0.00048372,-0.00010674
101.5,-0.00419,-0.00029109,-0.00048967,0.00094792,0.0006278,-5.4368e-05
101.6,0.0022075,-0.00046156,0.0018828,-0.0020077,-0.000192,-0.00015999
101.7,-0.010915,0.00018672,-0.0053326,0.008576,-0.00032713,-0.00030268
101.8,0.0020778,-0.00045714,0.0014062,0.002127,-5.4184e-05,0.00076766
101.9,0.002028,-0.00078329,0.0015582,-0.001788,-0.0002367,-0.00040881
102,0.025044,-0.0021524,0.015277,-0.016115,0.0026641,-0.0030837
102.1,-0.012324,6.0319e-05,-0.0075969,0.0092236,-0.0021543,0.0016259
102.2,-0.0056021,-0.00025745,-0.0033721,0.0056355,0.00025156,-0.00048354
102.3,0.021649,-0.0015315,0.013049,-0.0101,-0.0020577,0.0012648
102.4,0.0045595,-0.00046939,0.0021359,-0.0020114,0.00058714,-0.0010365
102.5,-0.016022,0.00081643,-0.0092346,0.010865,-0.0019859,0.00069455
102.6,0.014898,-0.0013599,0.0079553,-0.0018183,0.0010652,-0.00021244
102.7,0.028136,-0.0035333,0.013816,-0.011429,0.0039011,-0.0045404
102.8,-0.0063792,0.0001122,-0.0039975,0.0041708,-0.005546,0.0028577
102.9,-0.022591,0.0027836,-0.010129,0.0077402,0.003953,8.2353e-05
103,0.0044858,-0.00054289,0.0017594,-0.0011606,-0.0011102,-4.4686e-05
103.1,0.020491,-0.0017241,0.0074701,-0.0032285,-0.0026243,0.00021245
103.2,-0.010152,0.00096934,-0.0037402,0.0036318,-0.00012154,-0.0013757
103.3,0.02156,-0.0013823,0.0070314,-0.0056544,-0.0016797,0.0018629
103.4,-0.010437,0.0011731,-0.0027626,0.011424,-0.0029333,-0.0046492
103.5,0.037961,-0.0025919,0.010595,-0.01588,0.0025243,0.0043957
103.6,0.0055032,-5.0542e-05,0.00075047,0.0039895,-0.000755,-0.00032299
103.7,-0.028721,0.0020188,-0.0016843,0.0035699,0.0007847,0.00050161
103.8,0.0051248,-0.00022414,0.002092,0.0071641,0.00060968,0.00081204
103.9,0.039051,-0.0014949,0.0031017,-0.014968,-0.0029529,-0.0015091
104,-0.12899,0.001265,0.012173,0.027763,0.0078848,0.0029016
104.1,0.055801,-0.0011845,-0.0013004,-0.0034636,-0.0042739,0.0012259
104.2,-0.0094194,-0.00064746,0.0062279,0.009238,-0.0029284,-0.00088766
104.3,-0.068387,-0.0025834,0.021421,0.020778,-0.0012125,-0.015258
104.4,0.14159,0.0040935,-0.02243,-0.04761,-0.00032722,0.011322
104.5,-0.010444,0.00042046,0.005972,0.0097163,-0.00072444,-0.0014159
104.6,-0.0093679,0.0010396,0.0084887,-4.9375e-05,-0.0015406,0.00053383
104.7,0.044007,0.0019399,-0.012422,-0.00611,0.0012643,0.00021144
104.8,-0.035362,0.001618,0.022534,0.0089929,-0.0011401,0.00014537
104.9,0.028215,0.0015335,-0.0090929,-0.01461,0.001132,0.0023727
105,0.025703,0.00082487,-0.012334,5.5255e-05,-0.00033311,0.00036332
105.1,-0.020932,0.0016068,0.020204,0.0012599,-0.00045963,0.00057046
105.2,0.012371,0.0010132,-0.0055322,0.00076895,-0.0002493,-7.8038e-05
105.3,-0.028693,0.0018802,0.032858,0.020189,0.0001744,-0.0040017
105.4,0.092753,-0.00024254,-0.083124,-0.04523,-0.003749,0.0084165
105.5,-0.047802,0.0024616,0.054847,0.0052803,0.0034976,-0.0048413
105.6,-0.0015875,0.0014187,0.0028049,0.012402,-0.00041002,0.0011388
105.7,-0.015564,0.0018461,0.027998,0.016712,0.00043403,-0.00088607
105.8,0.036825,0.00036154,-0.055992,-0.023732,-0.0025314,0.0025819
105.9,-0.0027588,0.0015652,0.0033483,0.0013723,0.0011071,-0.0006471
106,-0.0082933,0.0017785,0.016951,0.0079448,0.0017587,0.0004569
106.1,-0.022277,0.00023143,0.072216,0.024711,-0.0057196,0.016725
106.2,-0.0021166,-0.0010264,0.016315,-0.0034866,0.0032241,-0.0036772
106.3,0.0086499,0.0013447,-0.037174,-0.012217,0.0023019,-0.010262
106.4,-0.0038416,0.00026935,0.01545,0.0019589,0.002445,-0.0011009
106.5,-0.0015513,0.00083357,0.0029312,-0.00063875,0.00023807,-0.00050563
106.6,-0.0024143,0.00036654,0.014544,0.0054814,0.00059223,0.00089349
106.7,-0.0006605,0.0019627,-0.018645,-0.017542,0.00063764,-0.00069379
106.8,-0.0030997,0.001756,-0.0061421,0.003109,0.00089755,-0.00012854
106.9,-0.0030864,0.0023663,-0.014701,-0.00089139,0.00043942,-0.00074271
107,0.0010937,-0.0011738,0.041638,0.0097468,-0.00057609,0.0022474
107.1,-0.0020501,0.0017101,-0.0049389,-0.0028349,0.00049202,-0.00070644
107.2,-0.0011126,0.0007972,0.0036864,0.0011221,0.00022625,0.0011707
107.3,-0.00067461,0.00056913,0.0032355,-0.0076761,-0.0004667,-0.00055794
107.4,1.631e-05,-0.0014974,0.016488,0.012711,0.00043927,-0.0028465
107.5,-0.0015161,0.0017125,-0.0070248,-0.00085947,-0.0002704,7.4466e-05
107.6,-0.00061992,0.00054334,0.0020418,0.0065574,0.00086923,-0.0027801
107.7,-0.0088407,4.6729e-05,0.021136,0.039622,-0.00079088,-0.014994
107.8,0.009124,0.0010832,-0.01417,-0.0311,-0.0009517,0.014437
107.9,0.0048319,0.00041758,-0.00070142,-0.014695,-0.0030235,0.0051833
108,0.0031327,0.00014911,0.0029675,-0.0090618,-0.00044414,-0.0016145
108.1,-0.0091488,0.0005179,0.010843,0.0083081,0.00060299,0.0029897
108.2,0.0046857,0.00012156,0.00088059,0.0038563,0.00094724,0.0009416
108.3,-0.0021819,0.00014108,0.0038442,0.00402,0.00078675,0.00018548
108.4,0.0030416,-3.2819e-05,0.0023829,-0.0049,-0.00161,0.00021017
108.5,-0.0028251,-0.00013271,0.0020007,-0.0018403,-0.0004499,-0.00039151
108.6,0.016974,-0.0005563,0.0056791,-0.024236,-0.0031839,-0.0054539
108.7,-0.01319,0.00035424,-0.0018611,0.018095,0.0026102,0.0034894
108.8,-0.0038805,0.00049691,-0.0010196,0.0086416,0.0001589,-0.00037194
108.9,0.0037213,-7.3444e-05,0.0036203,-0.0011286,0.00029785,1.2863e-05
109,-0.0052374,0.00072082,-0.0018828,0.00078698,-0.00068136,0.00034071
109.1,-0.0013374,0.0001818,0.00079246,-0.0013196,0.0010765,2.5205e-05
109.2,0.014902,-0.0013664,0.012778,-0.01171,-0.0026131,0.0047972
109.3,-0.049846,0.0049586,-0.030985,0.037111,0.0023479,-0.012957
109.4,0.053408,-0.004977,0.040172,-0.032282,0.0038719,0.011007
109.5,-0.034851,0.0031343,-0.017901,0.0086588,0.001123,-0.0042508
109.6,0.019969,-0.0016406,0.01351,-0.010429,-0.00052022,0.0050876
109.7,0.0072519,-0.00033738,0.0042747,-0.00075863,-0.00025528,-0.0015278
109.8,0.0080334,-0.00024521,0.0030495,1.995e-05,0.00077866,-0.0016237
109.9,-0.042946,0.0029997,-0.010729,0.010238,-0.0032315,0.00013415
110,0.0072327,-0.00056377,0.0033697,-0.00015958,0.0012508,-0.00016872
110.1,-0.0015387,-0.00012614,0.0014231,0.00085724,0.00088608,-0.00043738
110.2,-0.0012116,-0.00041004,0.0013532,0.0003333,0.00047127,-0.00048446
110.3,-0.00096467,-0.00055614,0.0012362,0.00024278,0.00014068,0.00014276
110.4,-0.00064164,-0.0006526,0.0011932,5.001e-05,-0.00060081,-0.00016313
110.5,-0.00055282,-0.00044918,0.0012114,-3.8943e-05,-0.00075472,0.00018153
110.6,-0.00064782,-0.00051189,0.0011729,0.0042762,2.4483e-05,-0.001543
110.7,0.01085,-0.0011452,-0.0020379,-0.0055393,-0.00024228,0.0012024
110.8,-0.011331,-0.00051954,0.0048879,0.0019197,-0.00010021,0.0011491
110.9,0.021729,-0.0018291,-0.0096307,-0.0057451,0.00030971,-0.0025572
111,-0.011347,-0.00048866,0.0051726,0.0060649,-0.00030119,0.0031454
111.1,-0.010846,-0.000475,0.0064815,0.00091891,0.00025722,-0.0004503
111.2,-0.00021236,-0.00084902,0.00013655,-8.6637e-05,5.998e-05,0.00014404
111.3,0.010362,-0.0012756,-0.0072026,-0.0039618,-3.636e-05,-0.0017278
111.4,0.020277,-0.0013332,-0.015336,-0.0078564,0.00026519,-0.0021939
111.5,-0.00098578,-0.00067556,-0.0015518,0.0025101,0.00012291,0.0013109
111.6,-0.030634,0.00023541,0.021646,0.0080518,-0.00074913,0.00051518
111.7,-0.00029224,-0.001087,-0.00092766,-0.00013677,-4.7184e-06,-0.00013306
111.8,-0.00039849,-0.00085645,-0.00078754,0.0011609,-0.00025973,-0.00048737
111.9,-0.00023906,-0.00048042,-0.00051716,0.0010879,0.00038078,0.00027028
112,-0.00024665,-0.00083999,-0.00055324,0.00013059,-0.00022743,0.0004889
112.1,-0.0094338,-0.00065287,0.0080695,0.0013116,-0.00073379,0.00064872
112.2,-0.027078,-0.00046301,0.026066,0.01167,-7.8656e-05,-0.0012149
112.3,0.026568,-0.002027,-0.027,-0.0063585,1.8528e-05,-0.00045893
112.4,0.0083265,-0.0011089,-0.0095265,-0.0025334,0.0010511,0.0034332
112.5,-0.0089626,-0.0011166,0.0082006,0.00092928,-0.00032194,0.0014479
112.6,0.0074728,-0.0010533,-0.01053,-0.0046405,3.0165e-05,-0.00405
112.7,0.0065982,-0.00046638,-0.01056,-0.0017926,0.00094357,-0.0012026
112.8,-0.0019388,-0.00029026,-0.0013389,0.0013565,0.00033374,-0.00056337
112.9,-0.0019057,-0.00019385,-0.0010138,1.2515e-05,-6.4235e-06,-0.00029605
113,-0.0098362,-4.4912e-05,0.0079306,0.0022315,0.00085775,-0.0018349
113.1,0.0057998,-0.00044006,-0.0088821,-0.0023998,-0.0010892,0.0021356
113.2,0.012845,-0.00061722,-0.01809,-0.0031357,-0.00079169,0.0013056
113.3,-0.023881,0.001085,0.027675,0.0050541,0.00054191,-0.0013413
113.4,0.0047867,-6.7073e-06,-0.0091369,-0.0014545,-0.00060627,0.00055941
113.5,0.0039144,-3.0401e-05,-0.0096827,-0.00093298,-0.00049169,-0.00039008
113.6,-0.02064,0.0011407,0.030796,0.0053983,0.001335,0.0029065
113.7,-0.0016988,7.1817e-06,5.1886e-05,0.00024876,-6.5568e-05,0.00067314
113.8,0.0031245,0.00011549,-0.01069,-0.003997,-0.00035452,-0.0036684
113.9,-0.002753,0.00047297,-0.00051116,0.0017904,0.0005249,0.00059404
114,-0.0026886,0.00033523,-0.00050407,0.00056222,0.00064315,0.00012711
114.1,0.00084415,0.00056961,-0.0099736,-0.0018744,-0.00051886,-0.00069799
114.2,-0.006166,-0.00013394,0.0088071,0.0026338,-0.00046143,0.00077797
114.3,-0.0027458,8.3544e-05,-0.00067845,0.0004355,-0.00020309,0.000292
114.4,-0.00073483,0.00059611,-0.008633,0.00097269,0.00035678,0.00026755
114.5,-0.0049145,-0.00069771,0.0070939,0.0032981,-0.001293,0.00030841
114.6,-0.010794,-0.0025185,0.031156,0.0060981,-0.0042857,-0.0042782
114.7,0.011268,0.0042415,-0.057168,-0.012703,0.0070823,0.0039476
114.8,-0.012611,-0.0029763,0.034468,0.0074802,-0.0025474,-0.004004
114.9,0.0012626,0.0010579,-0.015978,-0.0042778,0.00088412,0.0021935
115,0.0014812,0.00096965,-0.013409,-0.002936,0.00021857,-0.0021506
115.1,1.6341e-05,0.00028473,-0.0065502,0.00035224,0.00033522,0.00059728
115.2,-0.012664,-0.0030167,0.023409,0.0045909,0.00091629,0.0046275
115.3,-0.0032314,-0.00043306,-0.0010645,-8.5619e-05,0.00017539,-0.001067
115.4,-0.0033104,-0.00023869,-0.0012434,-5.1189e-05,0.00027636,-0.00078609
115.5,-0.0032499,-0.00010627,-0.0013528,0.00019211,0.00053115,-0.00072238
115.6,-0.0051308,-0.00011722,-0.0013378,0.00089561,-0.00027446,-0.00042409
115.7,-0.00084996,-0.00013646,-0.0011741,-0.00087865,9.4882e-06,0.00053591
115.8,-0.0026468,-0.00015307,-0.0010126,0.00029237,0.00010721,-0.00046402
115.9,-0.0023654,-0.00010939,-0.0008562,0.00018025,0.00032156,-0.0010142
116,-0.0021425,-0.00010663,-0.00081026,-4.72e-05,0.00010289,0.0013796
116.1,-0.0019265,-0.00025506,-0.00082858,7.1169e-05,-5.5767e-06,0.0002094
116.2,-0.0052122,0.00014724,-0.0041695,-0.00043588,0.00063786,0.00020206
116.3,0.001842,-0.0007019,0.0027097,0.00016577,-0.00051489,-1.232e-05
116.4,0.0025065,-0.0007107,0.003691,-0.00023382,-0.0002672,-6.363e-05
116.5,-0.0047872,0.00023943,-0.0049022,0.0001364,1.5488e-06,0.00013984
116.6,-0.00087591,-0.00020564,-0.00058555,0.0001468,-0.00031952,0.00021514
116.7,-0.0088781,0.00098881,-0.012328,-0.001758,0.0011235,-0.00044508
116.8,0.0082743,-0.0012067,0.011401,0.0020854,-0.00055492,-0.00019477
116.9,-0.0040872,0.00026005,-0.0072982,-0.001817,0.00031582,-0.00083313
117,0.0047599,-0.00059177,0.0067129,0.0011408,-0.00085168,0.00071783
117.1,0.00080807,-0.00013181,-6.0859e-05,-0.00013679,-0.00010792,-0.00063738
117.2,0.0087881,-0.00085158,0.016675,0.0021943,-0.00046031,0.00095972
117.3,-0.0028059,8.9966e-05,-0.007323,-0.0019834,-0.00021317,-5.596e-07
117.4,-0.0023679,0.00030176,-0.008156,-0.0040635,-0.000145,0.00094548
117.5,0.001405,-5.007e-05,0.00042139,0.00095513,-0.00026128,-0.0005431
117.6,0.0012538,2.758e-05,0.00059659,0.0042803,0.00033016,-0.00087919
117.7,0.0040023,-0.00045266,0.011099,0.0060611,0.00087483,-0.0016865
117.8,0.012276,-0.0024772,0.043932,0.0021675,0.0011533,-0.00089599
117.9,-0.0049765,0.00093368,-0.01787,-0.0076511,-0.0020719,0.0026365
118,-0.0064973,0.0024396,-0.032048,-0.0046793,-0.00069654,0.0007879
118.1,0.0040532,-0.00061954,0.01414,0.0026995,0.00038328,0.00029198
118.2,-0.0010643,0.0011,-0.010372,-0.0024146,-0.00013952,-8.5958e-05
118.3,0.0013449,0.00028847,0.0024079,-0.00019884,-6.4188e-05,-3.2372e-05
118.4,0.0013006,0.00028453,0.002546,-0.00036568,-0.00023986,-0.0003727
118.5,0.0013294,0.00020161,0.0028123,0.00046604,-0.00030523,0.00047978
118.6,0.0011523,0.0003888,0.0031559,0.0008387,-0.00076219,0.00058037
118.7,0.0010176,0.00053623,0.0031926,-0.0033089,-1.9601e-05,0.00020146
118.8,0.0012803,0.00057676,0.0034345,0.00074661,0.0007197,0.00065424
118.9,0.0010168,0.00058676,0.0035159,0.00053948,-0.00054562,-0.00050413
119,0.00085719,0.00062773,0.0037192,0.0010512,-1.2623e-05,7.3367e-05
119.1,0.00039654,0.00073365,0.0035684,-0.0013359,-0.00019578,-0.00027202
119.2,0.00020172,0.00065317,0.0038302,-0.0018377,0.00032499,-0.00022702
119.3,-0.0057179,-0.00062409,0.036066,0.0084004,0.001552,0.0019886
119.4,0.0056997,0.0019081,-0.027457,-0.0055862,-0.0004218,-0.00098677
119.5,-0.0007324,0.00098451,0.004378,-0.0014183,0.0013501,0.00027953
119.6,-0.00060361,0.00093403,0.0044819,-0.00099694,0.00082267,6.0044e-05
119.7,-0.014492,5.3856e-05,0.0493,0.012647,-0.00016543,0.002121
119.8,0.01401,0.0013425,-0.039936,-0.010655,0.00065236,-0.0011648
119.9,-0.0062869,0.00104,0.018303,0.005934,0.0002306,0.00037202
120,0.0050721,0.0011811,-0.0095649,-0.0048832,-3.2592e-05,0.00026085
120.1,-0.013216,0.0017028,0.030223,0.0094833,-0.00091044,-0.0015621
120.2,-0.0079329,0.0013401,0.016134,-0.0013457,-0.0003614,0.00085277
120.3,0.021645,0.0011594,-0.032452,-0.01174,0.00086464,0.0016608
120.4,-0.0070399,0.0017174,0.016598,0.0036722,-0.0002967,-6.8033e-05
120.5,-0.0076984,0.0015445,0.015872,0.0028126,-0.00089497,0.00079668
120.6,0.026661,0.0010195,-0.027774,-0.012211,0.00063649,-0.0021998
120.7,-0.016653,0.0016702,0.026286,0.0074682,-0.001566,0.0020632
120.8,-0.0087982,0.0014017,0.014632,0.0051453,-0.0014732,0.0018382
120.9,0.020372,0.0014645,-0.0126,-0.0084159,-0.00012484,0.00018659
121,-0.0098395,0.0012092,0.013919,0.0031805,0.0002824,0.0001941
121.1,0.00010787,0.0011278,0.0052579,0.00033295,8.6348e-05,7.5766e-05
121.2,0.010647,0.0012065,-0.0011021,-0.0053252,-0.0011304,0.00071626
121.3,-0.00072288,0.00084246,0.0059231,-0.00038623,-0.00033121,0.00021509
121.4,0.009796,0.0005652,0.00094485,-0.0010005,-0.00086271,-6.8409e-05
121.5,-0.034512,0.00051522,0.019134,0.010236,0.0017968,0.00023971
121.6,0.0090285,0.00011505,0.000536,-0.0052975,-0.0011625,0.00013783
121.7,-0.012075,0.00058001,0.0081161,0.0042824,-0.0011738,0.0011083
121.8,0.018099,-0.00033143,-0.00075794,-0.010629,0.0017482,-0.0008652
121.9,-0.002413,0.00036088,0.0054008,0.00047851,0.00026637,0.0003391
122,-0.0023888,0.00033155,0.0051047,-0.0030688,-0.00032614,0.00011657
122.1,-0.011802,0.00055473,0.0057995,0.007913,-0.0007981,-0.00029799
122.2,-0.030084,0.00056032,0.0049263,0.01338,0.00087387,-0.0016143
122.3,0.025697,-0.00024582,0.002721,-0.011472,-0.0010914,0.0015415
122.4,-0.0022163,0.00011358,0.0031756,0.0013353,-2.0047e-05,2.918e-06
122.5,-0.010796,0.00034162,0.0016664,0.0055541,-0.00016453,3.4973e-05
122.6,0.14478,-0.0048491,0.035551,-0.072215,-0.0038735,0.012617
122.7,-0.081654,0.0017883,-0.010444,0.029678,-0.00084781,-0.002538
122.8,-0.070799,0.0017811,-0.011107,0.035439,0.0037211,-0.0096
122.9,-0.023539,0.00087677,-0.0031201,0.012436,0.0021122,-0.00014922
123,0.031606,-0.0012196,0.010803,-0.011888,-0.002401,-0.00046573
123.1,-0.0033648,6.6174e-05,0.0010701,0.00066908,-6.0546e-05,0.00023286
123.2,-0.0035249,-3.5945e-05,0.00085515,-0.0028617,-0.00028841,7.0998e-05
123.3,-0.0034708,-3.2285e-05,0.00091354,0.0022773,0.00026192,-0.00026827
123.4,-0.007507,0.00043182,-0.001034,0.0026159,0.00067266,0.00056626
123.5,0.0012649,-0.00023404,0.0027318,-0.0032386,0.0002331,-0.0006277
123.6,-0.0061371,0.00031177,-0.00087847,0.0029341,-0.00018611,0.00046688
123.7,-0.0019355,1.6227e-05,0.00085925,0.00016102,0.00017402,5.5119e-05
123.8,0.00089766,-2.2492e-05,0.0027286,-0.0024723,0.0002401,-0.00036183
123.9,-0.0014121,0.00010243,0.00081864,0.00046212,0.00041739,0.00023387
124,0.00094193,4.0988e-05,0.0029545,-0.0052234,-0.00044637,0.0002074
124.1,-0.0041753,-0.00028203,-0.0033819,0.0077418,0.0005175,-0.00019703
124.2,-0.00014033,-0.00019729,0.00093759,-0.00046469,8.7644e-05,0.0001257
124.3,0.0015788,-1.0609e-05,0.0054462,-0.0056686,-0.00085852,0.0011525
124.4,-0.00088992,-0.00033742,-0.0012524,0.0030033,0.00024643,-0.00057623
124.5,0.00010518,-0.00019412,0.00084806,0.00023958,0.0001553,2.0847e-05
124.6,0.00081541,-0.00058995,-0.0010266,0.0020981,-0.00054754,-0.00033973
124.7,-0.00012337,-0.00031955,0.0025029,-0.0039825,-0.0002423,0.0012728
124.8,0.0018875,-0.00041162,-0.00081448,0.0040454,-0.00035705,-0.0010016
124.9,-0.00056276,1.5546e-05,0.0013645,-0.0022032,0.00061407,-0.00071002
125,0.00092296,-9.5589e-05,0.00030304,-0.00069893,0.00038416,-0.00050732
125.1,0.0011873,-0.00020342,0.00042668,0.0014617,0.00011544,0.0005983
125.2,0.0014109,-0.00026127,0.0005097,-0.0014963,0.00021798,4.8214e-05
125.3,0.0017371,-0.00030165,0.0006712,-0.002674,5.5158e-05,-0.00057525
125.4,0.0038348,-0.00013727,0.00093121,0.0046733,-0.0012374,0.001214
125.5,0.00025396,-0.00022633,0.00088362,-0.0026389,0.00022327,0.00014312
125.6,0.0020872,-5.7374e-05,0.00085852,0.00022747,-0.00013127,0.00033338
125.7,0.0022254,0.00011146,0.00068187,-0.0013802,0.00019525,0.00080037
125.8,0.0033955,0.00028967,0.00088327,0.0011223,-0.00035352,-0.00069865
125.9,0.011407,0.00080678,0.0042326,0.0077949,0.0005019,-0.0020118
126,-0.0062831,-0.00034618,-0.0028734,-0.0055562,-0.00088829,0.001295
126.1,-0.0032921,0.0010865,-0.0068652,-0.011587,-0.0046004,-0.00283
126.2,0.0072721,-0.0010129,0.0082758,0.0099352,0.00474,0.0032554
126.3,0.0017136,0.00016763,0.00095335,0.00074345,0.0001539,0.00052166
126.4,0.00074361,4.1887e-05,-0.0010512,-0.0020271,-0.0001355,-0.0013396
126.5,0.0021379,-1.0556e-05,0.0019323,-0.00081139,0.00050989,-0.00036885
126.6,0.0025474,0.00018396,0.0027985,0.0019316,-0.00074674,0.0013493
126.7,0.001082,0.00011118,-0.00079981,-0.00013587,0.00061875,-0.00010826
126.8,0.0018009,0.00029433,0.00096413,-0.00061904,0.00014999,-0.00022618
126.9,0.0018371,5.1928e-05,0.00039534,0.00050049,-9.1853e-05,-2.3539e-05
127,0.0021308,0.00072232,0.0016847,0.0019378,0.0011455,-0.00079874
127.1,0.0019248,-0.00047163,6.0163e-05,-0.0029609,-0.00079244,0.0013339
127.2,0.0018446,0.00028761,0.00063855,0.00016824,0.00046062,-0.00034023
127.3,0.0018964,-0.00014163,0.00065716,-0.001148,-0.0002999,0.00026397
127.4,0.0016693,0.00022678,0.000453,0.0010547,0.00059855,0.00023369
127.5,0.0018117,-1.8445e-05,0.00065725,-3.3799e-05,-0.00049881,0.00030745
127.6,0.0017398,0.00011976,0.00076499,-0.00041232,2.9637e-05,-0.00052978
127.7,0.0019099,0.00019551,0.00022372,0.00038525,0.00023821,-0.00018241
127.8,0.001899,-0.00015488,0.0016705,-0.00092636,4.2529e-05,0.00029132
127.9,0.0019243,4.4929e-05,9.9856e-05,-0.00016293,-0.00035396,-7.5661e-05
128,0.0018932,0.00016449,0.00098393,-0.00053981,-0.00010354,0.00074158
128.1,0.0018382,0.00019404,0.00045866,-5.7074e-05,-0.00016456,-0.00023118
128.2,0.0017781,0.00025379,0.00053293,-5.6079e-05,-0.00028182,-0.00038215
128.3,0.001866,0.00036826,0.00054378,-0.00048944,4.832e-05,-0.00051603
128.4,0.0018081,0.00036176,0.00054187,-0.00022884,-4.2942e-05,-0.00032386
128.5,0.001799,6.7585e-05,0.00062288,0.0011557,-0.00022626,0.0017111
128.6,0.0016978,0.00022236,0.000717,-0.00083235,0.00041832,-0.00074158
128.7,0.0022445,3.9346e-05,0.00010277,0.00019184,-0.0010853,8.5422e-05
128.8,0.00030585,0.00051131,0.0010124,-0.00019092,0.0014564,-0.00049443
128.9,0.0012384,0.00041431,0.00089069,-6.3981e-05,-0.00020567,0.00010357
129,0.00094265,0.00067118,0.0011862,-0.0011128,0.00012565,0.0016949
129.1,0.00070838,0.0010369,0.00087817,0.00041597,0.00051128,-0.00059766
129.2,0.00055366,0.001014,0.00090642,0.00026244,0.00045642,-7.8072e-05
129.3,0.00036123,0.00082679,0.00090266,-2.3735e-05,8.057e-05,1.6946e-05
129.4,-6.9384e-05,0.00079742,0.00071282,0.00046059,0.00093675,0.00057294
129.5,0.00045702,0.00080561,0.00054325,-0.00071979,-0.00037097,-0.00032557
129.6,0.00010519,0.00080659,0.0006607,0.0004007,0.00035869,8.403e-05
129.7,0.0001738,0.00083201,0.00067429,0.00015545,-0.00023755,0.00015112
129.8,0.0005051,0.00052913,0.00057884,-0.00036149,-0.00012141,0.00010635
129.9,0.00029675,0.00028443,0.00051281,-0.00031578,-7.7168e-05,0.00089064
130,0.00023585,0.00028208,0.00016431,0.00012838,-0.00013779,-0.00025653
130.1,-2.0395e-05,-0.00024411,-0.00067998,5.3512e-06,6.1366e-05,-0.00070923
130.2,-0.00042917,0.0005678,-0.0013822,-0.00063749,0.0016116,-0.0026508
130.3,0.0001339,0.0012812,0.00085235,0.00073037,-0.0014589,0.002533
130.4,-9.8339e-05,0.00095403,0.0006245,0.00014189,-0.00052306,0.00048538
130.5,-9.4488e-05,0.00057012,-0.00053747,-0.00018947,0.00018796,-0.0006527
130.6,0.00023502,0.00065636,-7.1361e-05,-5.5501e-05,-0.00024042,0.00012396
130.7,0.00031573,0.00075534,6.1473e-05,-7.7092e-05,-0.0003069,0.00040092
130.8,1.1092e-05,0.00064235,0.00016775,3.9523e-05,-0.00013538,0.00048324
130.9,0.00037471,0.00098348,0.00011128,-1.4538e-05,-0.00037646,0.0005543
131,-0.00018192,0.0011352,-0.0001481,0.00013546,-0.00036353,-0.0008786
131.1,0.0003391,0.0010485,-0.00013447,-0.00013621,-6.544e-05,0.0012327
131.2,1.1971e-05,0.0010804,-0.00048762,4.3378e-05,0.00043095,-0.00086446
131.3,-0.00075373,0.00068236,-0.00070534,0.00013235,0.00045816,0.00010147
131.4,0.00063693,0.0010595,-0.00037484,-6.4353e-05,-0.00031563,-6.8571e-05
131.5,-0.00035106,0.00054761,-0.00085349,-0.00010597,0.00012625,-3.6066e-05
131.6,2.5175e-05,0.00047065,-0.00088274,0.00010682,-1.6479e-05,0.00020507
131.7,0.00020337,0.00042075,-0.00077729,-0.00014192,4.4787e-05,3.3333e-05
131.8,-0.00053157,-0.00021695,-0.0011151,0.00013273,-0.00014181,-2.9539e-05
131.9,0.00010121,-0.00026117,-0.00078569,-0.00011716,-0.00014914,0.00023082
132,-0.00016125,-0.00031337,-0.00078836,-4.3131e-05,-0.00078911,0.00050517
132.1,-0.00040846,-0.00015252,-0.0010469,1.0593e-06,0.0007672,-0.00045029
132.2,-0.0013195,-0.00014071,-0.002069,0.0002033,5.9058e-05,-0.00017868
132.3,-0.00078799,-0.0004644,-0.0019325,5.3022e-05,0.00012798,-2.9091e-05
132.4,-0.00058313,-0.00058619,-0.0018755,-2.0126e-05,2.7376e-05,-7.3065e-05
132.5,-0.00060317,-0.00068197,-0.0017366,7.5154e-05,2.2306e-05,9.9942e-05
132.6,-0.00081766,-0.00091385,-0.0021827,1.2566e-05,5.4163e-05,4.8782e-05
132.7,-8.0175e-05,-0.0016558,-0.0032438,0.00011178,-0.00078376,-0.0013745
132.8,-0.00063603,-0.0014997,-0.0022746,-3.3326e-05,6.8299e-05,2.3685e-05
132.9,-0.0022129,-0.00093522,-0.0024135,-4.4527e-05,0.00068516,0.00088017
133,-0.0010195,-0.0018771,-0.0031218,-4.8094e-05,-6.2165e-05,-0.00061252
133.1,-0.00040254,-0.0021044,-0.0027196,0.00013856,-0.00063281,-0.00018516
133.2,-0.00078598,-0.0022709,-0.002898,5.2262e-05,-0.00017651,-6.7457e-05
133.3,-0.0012867,-0.0024138,-0.0033775,6.3801e-05,-4.9259e-05,-0.0010189
133.4,-0.00068941,-0.0026522,-0.0019115,3.9148e-05,-0.00025502,-2.2706e-05
133.5,-0.0015126,-0.0027136,-0.0029776,4.6226e-05,-4.8319e-05,-0.00074267
133.6,-0.0013233,-0.0031829,-0.0019449,0.00013096,-0.00051064,0.0003429
133.7,-0.0014328,-0.0039302,-0.0016966,5.6678e-05,0.00040864,1.0154e-05
133.8,-0.001427,-0.0042796,-0.0015228,2.3176e-05,-0.00035171,-0.0001742
133.9,-0.0012347,-0.0048017,-0.0011295,0.00025475,0.00010806,-0.00071575
134,-0.0022514,-0.0044711,-0.0012935,9.1645e-05,5.4027e-05,2.6566e-05
134.1,-0.003034,-0.0049644,-0.00031718,0.00010089,0.00091077,0.0024569
134.2,-0.00091899,-0.0052898,-0.0022961,0.00028444,-0.001385,-0.0040332
134.3,-0.0024806,-0.0054368,-0.00056032,0.00020493,0.00024739,-0.00024634
134.4,-0.0027946,-0.005743,-0.00021882,0.00022272,-3.6713e-05,-0.00062794
134.5,-0.0026515,-0.0057645,-0.00031895,0.00025464,-0.0001463,-0.00064104
134.6,-0.0032257,-0.006339,0.00054018,0.00028673,0.00030456,-0.00033635
134.7,-0.0031792,-0.0067652,0.00075324,0.00029897,-0.00011238,-0.00056122
134.8,-0.0033971,-0.0068294,0.0011249,0.00031997,-0.00059726,-0.0011117
134.9,-0.0038394,-0.0074387,0.0019124,0.00035168,-0.00016883,-0.00082354
135,-0.0038117,-0.0079797,0.0026149,0.00043307,-0.00042046,-0.0012131
135.1,-0.005611,-0.0069411,0.003513,0.00050342,0.00029029,1.5209e-05
135.2,-0.0032495,-0.0093818,0.0043139,0.00041398,-0.00035067,-0.0016086
135.3,-0.0048305,-0.0083659,0.0053707,0.00046962,-0.00036127,-0.00064906
135.4,-0.0072425,-0.0083647,0.0063482,0.00071305,0.0017893,-0.00084704
135.5,-0.0066841,-0.0089146,0.0073602,0.00044825,-0.00027486,-0.0025317
135.6,0.00083571,-0.0093624,0.0091986,0.00084897,-0.0047608,0.00062564
135.7,-0.01066,-0.0095137,0.0098029,0.00078073,0.0026798,-0.0010182
135.8,-0.0075899,-0.0097946,0.011517,0.0007149,0.00061081,-0.0004589
135.9,-0.0077245,-0.0099055,0.012914,0.00085596,-0.00029439,-0.0010641
136,-0.0082723,-0.010133,0.014425,0.0009377,-0.00010323,-0.0011437
136.1,-0.008699,-0.010491,0.016044,0.0010297,0.00041288,-0.0012223
136.2,-0.0093568,-0.010762,0.017529,0.00085982,-0.00017638,-0.00078862
136.3,-0.0096685,-0.011462,0.019654,0.0010977,0.00016307,-0.00093292
